entity_type,entity,date,severity,описание,real_user,event_count,time_range,top_hours,программы,top_event_names,top_users,top_hosts,top_addresses,source_files
user,user051,2025-12-31,critical,События: 107. Диапазон времени: 2025-12-31 00:54:51 — 2025-12-31 12:29:59. Пиковые часы: 06:00 (38); 04:00 (33); 02:00 (13); 08:00 (8); 05:00 (4). Аномальное время работы (ночь/поздний вечер): 04:00 (33); 02:00 (13); 05:00 (4). Запуск ПО: - (32); Kerberos (31); No errors. (7); KDC_ERR_NONE (4); KDC_ERR_MUST_USE_USER2USER (3). События/ID: Microsoft-Windows-Security-Auditing (107); 4634 (33); An account was logged off. (33); 4624 (32); An account was successfully logged on. (32). Сетевые адреса/сайты: 10.37.2.5 (59); 10.37.2.7 (46); 10.32.1.12 (2).,,107,2025-12-31 00:54:51 — 2025-12-31 12:29:59,06:00 (38); 04:00 (33); 02:00 (13); 08:00 (8); 05:00 (4),- (32); Kerberos (31); No errors. (7); KDC_ERR_NONE (4); KDC_ERR_MUST_USE_USER2USER (3),Microsoft-Windows-Security-Auditing (107); 4634 (33); An account was logged off. (33); 4624 (32); An account was successfully logged on. (32),user051 (107); - (60),,10.37.2.5 (59); 10.37.2.7 (46); 10.32.1.12 (2),user051_SIEM_2025-12-31.csv
user,user096,2025-12-31,high,События: 1903. Диапазон времени: 2025-12-31 00:14:05 — 2025-12-31 23:58:56. Пиковые часы: 02:00 (230); 13:00 (216); 16:00 (203); 03:00 (157); 04:00 (138). Аномальное время работы (ночь/поздний вечер): 02:00 (230); 03:00 (157); 04:00 (138). Запуск ПО: Trusted Zone (1118); Apple-iPhone14C5/2303.55 (197); DMZ Prod Infra Zone (76); Advapi (41); - (41). События/ID: TRAFFIC (1192); deny (1043); Microsoft-Windows-Security-Auditing (173); end (149); 4634 (42). Сетевые адреса/сайты: 10.14.1.71 (499); 10.14.1.72 (160); 37.203.129.59 (100); 79.133.171.54 (85); 10.10.7.21 (77).,,1903,2025-12-31 00:14:05 — 2025-12-31 23:58:56,02:00 (230); 13:00 (216); 16:00 (203); 03:00 (157); 04:00 (138),Trusted Zone (1118); Apple-iPhone14C5/2303.55 (197); DMZ Prod Infra Zone (76); Advapi (41); - (41),TRAFFIC (1192); deny (1043); Microsoft-Windows-Security-Auditing (173); end (149); 4634 (42),user096 (1903); spb-msg01$ (66); spb-msg02$ (57),,10.14.1.71 (499); 10.14.1.72 (160); 37.203.129.59 (100); 79.133.171.54 (85); 10.10.7.21 (77),user096_SIEM_2025-12-31.csv; user096_PAN_2025-12-31.csv
user,user042,2025-12-31,high,События: 6. Диапазон времени: 2025-12-31 01:34:22 — 2025-12-31 01:34:22. Пиковые часы: 01:00 (6). Аномальное время работы (ночь/поздний вечер): 01:00 (6). Запуск ПО: No errors. (6). События/ID: The domain controller attempted to validate the credentials for an account. (6); 4776 (6); Microsoft-Windows-Security-Auditing (6). Сетевые адреса/сайты: 10.37.2.7 (6).,,6,2025-12-31 01:34:22 — 2025-12-31 01:34:22,01:00 (6),No errors. (6),The domain controller attempted to validate the credentials for an account. (6); 4776 (6); Microsoft-Windows-Security-Auditing (6),user042 (6),,10.37.2.7 (6),user042_SIEM_2025-12-31.csv
user,user001,2025-12-31,low,События: 5116. Диапазон времени: 2025-12-31 00:04:01 — 2025-12-31 23:54:16. Пиковые часы: 11:00 (955); 15:00 (318); 17:00 (294); 13:00 (294); 20:00 (277). Запуск ПО: Outlook-iOS-Android/1.0 (1861); Trusted Zone (1545); Android/12-EAS-2.0 (229); DMZ Prod Infra Zone (76); - (32). События/ID: TRAFFIC (1621); end (1198); deny (421); Microsoft-Windows-Security-Auditing (142); 4624 (32). Сетевые адреса/сайты: 10.14.1.72 (2211); 10.14.1.71 (980); 10.10.7.21 (334); 135.233.45.221 (87); 130.193.49.131 (76).,,5116,2025-12-31 00:04:01 — 2025-12-31 23:54:16,11:00 (955); 15:00 (318); 17:00 (294); 13:00 (294); 20:00 (277),Outlook-iOS-Android/1.0 (1861); Trusted Zone (1545); Android/12-EAS-2.0 (229); DMZ Prod Infra Zone (76); - (32),TRAFFIC (1621); end (1198); deny (421); Microsoft-Windows-Security-Auditing (142); 4624 (32),user001 (5116); spb-msg02$ (51); spb-msg01$ (45),,10.14.1.72 (2211); 10.14.1.71 (980); 10.10.7.21 (334); 135.233.45.221 (87); 130.193.49.131 (76),user001_SIEM_2025-12-31.csv; user001_PAN_2025-12-31.csv
user,user040,2025-12-31,low,События: 8189. Диапазон времени: 2025-12-31 00:00:50 — 2025-12-31 23:58:56. Пиковые часы: 14:00 (538); 11:00 (490); 16:00 (429); 21:00 (406); 15:00 (362). Запуск ПО: Trusted Zone (2715); - (1669); Kerberos (1454); NtLmSsp (209); C:\\Windows\\System32\\svchost.exe (202). События/ID: Microsoft-Windows-Security-Auditing (5295); TRAFFIC (2718); end (2714); 4624 (1675); An account was successfully logged on. (1675). Сетевые адреса/сайты: 10.14.1.71 (2730); 10.14.1.72 (1718); 10.50.21.38 (676); 213.180.193.234 (541); 77.88.44.55 (274).,,8189,2025-12-31 00:00:50 — 2025-12-31 23:58:56,14:00 (538); 11:00 (490); 16:00 (429); 21:00 (406); 15:00 (362),Trusted Zone (2715); - (1669); Kerberos (1454); NtLmSsp (209); C:\\Windows\\System32\\svchost.exe (202),Microsoft-Windows-Security-Auditing (5295); TRAFFIC (2718); end (2714); 4624 (1675); An account was successfully logged on. (1675),user040 (8199); - (3450); tmtp-000224$ (340); cplus-nps01$ (11); spb-msg02$ (9),,10.14.1.71 (2730); 10.14.1.72 (1718); 10.50.21.38 (676); 213.180.193.234 (541); 77.88.44.55 (274),user040_SIEM_2025-12-31.csv; user040_PAN_2025-12-31.csv
user,user047,2025-12-31,low,События: 1048. Диапазон времени: 2025-12-31 00:01:40 — 2025-12-31 15:51:36. Пиковые часы: 02:00 (98); 14:00 (95); 13:00 (93); 11:00 (90); 15:00 (89). Аномальное время работы (ночь/поздний вечер): 02:00 (98). Запуск ПО: Trusted Zone (1048). События/ID: TRAFFIC (1048); end (1048). Сетевые адреса/сайты: 158.160.193.161 (84); 172.178.240.161 (82); 135.233.45.222 (70); 172.178.240.162 (60); 130.193.50.30 (56).,,1048,2025-12-31 00:01:40 — 2025-12-31 15:51:36,02:00 (98); 14:00 (95); 13:00 (93); 11:00 (90); 15:00 (89),Trusted Zone (1048),TRAFFIC (1048); end (1048),user047 (1048),,158.160.193.161 (84); 172.178.240.161 (82); 135.233.45.222 (70); 172.178.240.162 (60); 130.193.50.30 (56),user047_PAN_2025-12-31.csv
user,user008,2025-12-31,low,События: 11031. Диапазон времени: 2025-12-31 00:00:30 — 2025-12-31 23:59:22. Пиковые часы: 07:00 (647); 11:00 (645); 22:00 (563); 19:00 (513); 06:00 (507). Аномальное время работы (ночь/поздний вечер): 22:00 (563). Запуск ПО: - (3029); Kerberos (2871); Trusted Zone (2099); Outlook-iOS-Android/1.0 (1253); NtLmSsp (153). События/ID: Microsoft-Windows-Security-Auditing (7015); 4624 (3031); An account was successfully logged on. (3031); An account was logged off. (2859); 4634 (2859). Сетевые адреса/сайты: 10.50.11.6 (3526); 10.14.1.71 (2585); 10.14.1.72 (2348); 10.10.7.21 (242); 10.50.11.20 (153).,,11031,2025-12-31 00:00:30 — 2025-12-31 23:59:22,07:00 (647); 11:00 (645); 22:00 (563); 19:00 (513); 06:00 (507),- (3029); Kerberos (2871); Trusted Zone (2099); Outlook-iOS-Android/1.0 (1253); NtLmSsp (153),Microsoft-Windows-Security-Auditing (7015); 4624 (3031); An account was successfully logged on. (3031); An account was logged off. (2859); 4634 (2859),user008 (10707); - (4107); user009 (324); spb-msg02$ (18); spb-msg01$ (3),,10.50.11.6 (3526); 10.14.1.71 (2585); 10.14.1.72 (2348); 10.10.7.21 (242); 10.50.11.20 (153),user008_SIEM_2025-12-31.csv; user008_PAN_2025-12-31.csv
user,user038,2025-12-31,low,События: 8000. Диапазон времени: 2025-12-31 00:00:32 — 2025-12-31 23:59:52. Пиковые часы: 11:00 (601); 15:00 (451); 13:00 (424); 07:00 (367); 05:00 (367). Аномальное время работы (ночь/поздний вечер): 05:00 (367). Запуск ПО: Outlook-iOS-Android/1.0 (1599); Trusted Zone (1465); - (1271); Kerberos (1246); C:\\Windows\\System32\\svchost.exe (275). События/ID: Microsoft-Windows-Security-Auditing (4111); TRAFFIC (1486); end (1391); 4624 (1271); An account was successfully logged on. (1271). Сетевые адреса/сайты: 10.14.1.71 (3368); 10.14.1.72 (2431); 10.50.39.11 (373); 10.10.7.21 (304); 158.160.199.219 (110).,,8000,2025-12-31 00:00:32 — 2025-12-31 23:59:52,11:00 (601); 15:00 (451); 13:00 (424); 07:00 (367); 05:00 (367),Outlook-iOS-Android/1.0 (1599); Trusted Zone (1465); - (1271); Kerberos (1246); C:\\Windows\\System32\\svchost.exe (275),Microsoft-Windows-Security-Auditing (4111); TRAFFIC (1486); end (1391); 4624 (1271); An account was successfully logged on. (1271),user038 (8000); - (2551); tmtp-000177$ (294); spb-msg01$ (18); spb-msg02$ (18),,10.14.1.71 (3368); 10.14.1.72 (2431); 10.50.39.11 (373); 10.10.7.21 (304); 158.160.199.219 (110),user038_SIEM_2025-12-31.csv; user038_PAN_2025-12-31.csv
user,user005,2025-12-31,low,События: 14955. Диапазон времени: 2025-12-31 00:00:24 — 2025-12-31 23:59:38. Пиковые часы: 22:00 (891); 03:00 (789); 17:00 (733); 21:00 (723); 18:00 (632). Аномальное время работы (ночь/поздний вечер): 22:00 (891); 03:00 (789). Запуск ПО: Trusted Zone (9274); - (1570); Kerberos (1205); Android-SAMSUNG-SM-S928B/101.16 (418); NtLmSsp (341). События/ID: TRAFFIC (9330); end (9015); Microsoft-Windows-Security-Auditing (4603); An account was successfully logged on. (1573); 4624 (1573). Сетевые адреса/сайты: 10.14.1.72 (2529); 10.14.1.71 (1821); 10.50.34.12 (750); 79.133.168.33 (540); 79.133.169.75 (536).,,14955,2025-12-31 00:00:24 — 2025-12-31 23:59:38,22:00 (891); 03:00 (789); 17:00 (733); 21:00 (723); 18:00 (632),Trusted Zone (9274); - (1570); Kerberos (1205); Android-SAMSUNG-SM-S928B/101.16 (418); NtLmSsp (341),TRAFFIC (9330); end (9015); Microsoft-Windows-Security-Auditing (4603); An account was successfully logged on. (1573); 4624 (1573),user005 (14955); - (3248); tmtp-000143$ (136); spb-msg02$ (42); spb-msg01$ (39),,10.14.1.72 (2529); 10.14.1.71 (1821); 10.50.34.12 (750); 79.133.168.33 (540); 79.133.169.75 (536),user005_SIEM_2025-12-31.csv; user005_PAN_2025-12-31.csv
user,user046,2025-12-31,low,"События: 3955. Диапазон времени: 2025-12-31 00:00:21 — 2025-12-31 23:58:12. Пиковые часы: 01:00 (185); 16:00 (180); 10:00 (179); 06:00 (176); 14:00 (175). Аномальное время работы (ночь/поздний вечер): 01:00 (185). Запуск ПО: Trusted Zone (1069); - (887); Kerberos (887); \\??\\C:\\WINDOWS\\system32\\conhost.exe 0xffffffff -ForceV1 (102); ""C:\\WINDOWS\\CCM\\UpdateTrustedSites.exe"" """" """" ""S-1-5-21-2466243303-2766591412-4162608119-10452"" (96). События/ID: Microsoft-Windows-Security-Auditing (2886); TRAFFIC (1069); end (1069); An account was successfully logged on. (887); 4624 (887). Сетевые адреса/сайты: 10.14.1.72 (2385); 10.50.35.32 (291); 10.14.1.71 (165); 84.201.132.175 (109); 158.160.194.174 (88).",,3955,2025-12-31 00:00:21 — 2025-12-31 23:58:12,01:00 (185); 16:00 (180); 10:00 (179); 06:00 (176); 14:00 (175),"Trusted Zone (1069); - (887); Kerberos (887); \\??\\C:\\WINDOWS\\system32\\conhost.exe 0xffffffff -ForceV1 (102); ""C:\\WINDOWS\\CCM\\UpdateTrustedSites.exe"" """" """" ""S-1-5-21-2466243303-2766591412-4162608119-10452"" (96)",Microsoft-Windows-Security-Auditing (2886); TRAFFIC (1069); end (1069); An account was successfully logged on. (887); 4624 (887),user046 (3955); - (1858); tmtp-000565$ (174),,10.14.1.72 (2385); 10.50.35.32 (291); 10.14.1.71 (165); 84.201.132.175 (109); 158.160.194.174 (88),user046_SIEM_2025-12-31.csv; user046_PAN_2025-12-31.csv
user,user053,2025-12-31,low,События: 8572. Диапазон времени: 2025-12-31 00:00:44 — 2025-12-31 23:58:20. Пиковые часы: 13:00 (500); 12:00 (489); 15:00 (434); 14:00 (399); 19:00 (399). Запуск ПО: - (3041); Trusted Zone (1670); Kerberos (1638); NtLmSsp (1384); C:\\Windows\\System32\\svchost.exe (453). События/ID: Microsoft-Windows-Security-Auditing (6749); An account was successfully logged on. (3041); 4624 (3041); TRAFFIC (1698); 4634 (1557). Сетевые адреса/сайты: 10.14.1.72 (2373); 10.14.1.71 (2336); 10.50.11.20 (1458); 10.50.27.6 (590); 84.201.132.175 (92).,,8572,2025-12-31 00:00:44 — 2025-12-31 23:58:20,13:00 (500); 12:00 (489); 15:00 (434); 14:00 (399); 19:00 (399),- (3041); Trusted Zone (1670); Kerberos (1638); NtLmSsp (1384); C:\\Windows\\System32\\svchost.exe (453),Microsoft-Windows-Security-Auditing (6749); An account was successfully logged on. (3041); 4624 (3041); TRAFFIC (1698); 4634 (1557),user053 (8572); - (4659); tmtp-000112$ (466); spb-msg02$ (30); spb-msg01$ (27),,10.14.1.72 (2373); 10.14.1.71 (2336); 10.50.11.20 (1458); 10.50.27.6 (590); 84.201.132.175 (92),user053_SIEM_2025-12-31.csv; user053_PAN_2025-12-31.csv
user,user090,2025-12-31,low,События: 15865. Диапазон времени: 2025-12-31 00:00:25 — 2025-12-31 23:59:33. Пиковые часы: 12:00 (850); 04:00 (795); 02:00 (740); 03:00 (733); 11:00 (726). Аномальное время работы (ночь/поздний вечер): 04:00 (795); 02:00 (740); 03:00 (733). Запуск ПО: Trusted Zone (9916); - (1662); Kerberos (1586); C:\\Windows\\System32\\svchost.exe (181); Apple-iPhone14C3/2207.100 (179). События/ID: TRAFFIC (9968); end (9392); Microsoft-Windows-Security-Auditing (5386); An account was successfully logged on. (1662); 4624 (1662). Сетевые адреса/сайты: 10.14.1.71 (3957); 10.14.1.72 (1414); 79.133.170.29 (605); 79.133.168.40 (527); 79.133.171.3 (525).,,15865,2025-12-31 00:00:25 — 2025-12-31 23:59:33,12:00 (850); 04:00 (795); 02:00 (740); 03:00 (733); 11:00 (726),Trusted Zone (9916); - (1662); Kerberos (1586); C:\\Windows\\System32\\svchost.exe (181); Apple-iPhone14C3/2207.100 (179),TRAFFIC (9968); end (9392); Microsoft-Windows-Security-Auditing (5386); An account was successfully logged on. (1662); 4624 (1662),user090 (15865); - (3436); tmtp-000833$ (233); spb-msg02$ (42); spb-msg01$ (42),,10.14.1.71 (3957); 10.14.1.72 (1414); 79.133.170.29 (605); 79.133.168.40 (527); 79.133.171.3 (525),user090_SIEM_2025-12-31.csv; user090_PAN_2025-12-31.csv
user,user050,2025-12-31,low,"События: 3143. Диапазон времени: 2025-12-31 00:01:19 — 2025-12-31 23:59:37. Пиковые часы: 19:00 (209); 11:00 (170); 16:00 (168); 02:00 (166); 03:00 (165). Аномальное время работы (ночь/поздний вечер): 02:00 (166); 03:00 (165). Запуск ПО: Trusted Zone (2306); C:\\Windows\\System32\\svchost.exe (568); - (205); C:\\Windows\\System32\\RuntimeBroker.exe -Embedding (201); ""C:\\Windows\\system32\\BackgroundTaskHost.exe"" -ServerName:BackgroundTaskHost.WebAccountProvider (162). События/ID: TRAFFIC (2306); end (2306); Microsoft-Windows-Security-Auditing (837); 4688 (618); A new process has been created. (618). Сетевые адреса/сайты: 10.50.30.15 (618); 10.50.11.20 (169); 172.178.240.161 (145); 172.178.240.163 (125); 130.193.50.30 (124).",,3143,2025-12-31 00:01:19 — 2025-12-31 23:59:37,19:00 (209); 11:00 (170); 16:00 (168); 02:00 (166); 03:00 (165),"Trusted Zone (2306); C:\\Windows\\System32\\svchost.exe (568); - (205); C:\\Windows\\System32\\RuntimeBroker.exe -Embedding (201); ""C:\\Windows\\system32\\BackgroundTaskHost.exe"" -ServerName:BackgroundTaskHost.WebAccountProvider (162)",TRAFFIC (2306); end (2306); Microsoft-Windows-Security-Auditing (837); 4688 (618); A new process has been created. (618),user050 (3143); tmtp-000282$ (575); - (252),,10.50.30.15 (618); 10.50.11.20 (169); 172.178.240.161 (145); 172.178.240.163 (125); 130.193.50.30 (124),user050_SIEM_2025-12-31.csv; user050_PAN_2025-12-31.csv
user,user011,2025-12-31,low,События: 8785. Диапазон времени: 2025-12-31 00:00:21 — 2025-12-31 23:59:38. Пиковые часы: 11:00 (610); 07:00 (519); 15:00 (506); 03:00 (443); 01:00 (432). Аномальное время работы (ночь/поздний вечер): 03:00 (443); 01:00 (432). Запуск ПО: Trusted Zone (1881); - (1832); Kerberos (1768); Outlook-iOS-Android/1.0 (1258); NtLmSsp (56). События/ID: Microsoft-Windows-Security-Auditing (4991); TRAFFIC (1905); 4624 (1834); An account was successfully logged on. (1834); An account was logged off. (1830). Сетевые адреса/сайты: 10.14.1.72 (4600); 10.50.11.6 (1084); 10.14.1.71 (854); 10.10.7.21 (235); 135.233.45.221 (128).,,8785,2025-12-31 00:00:21 — 2025-12-31 23:59:38,11:00 (610); 07:00 (519); 15:00 (506); 03:00 (443); 01:00 (432),Trusted Zone (1881); - (1832); Kerberos (1768); Outlook-iOS-Android/1.0 (1258); NtLmSsp (56),Microsoft-Windows-Security-Auditing (4991); TRAFFIC (1905); 4624 (1834); An account was successfully logged on. (1834); An account was logged off. (1830),user011 (8785); - (3101); spb-msg01$ (21); spb-msg02$ (9),,10.14.1.72 (4600); 10.50.11.6 (1084); 10.14.1.71 (854); 10.10.7.21 (235); 135.233.45.221 (128),user011_SIEM_2025-12-31.csv; user011_PAN_2025-12-31.csv
user,user003,2025-12-31,low,События: 3868. Диапазон времени: 2025-12-31 07:58:17 — 2025-12-31 18:14:15. Пиковые часы: 08:00 (725); 07:00 (515); 09:00 (418); 10:00 (414); 11:00 (335). Запуск ПО: Trusted Zone (1514); - (708); Kerberos (628); C:\\Windows\\System32\\svchost.exe (272); NtLmSsp (77). События/ID: Microsoft-Windows-Security-Auditing (2354); TRAFFIC (1514); end (1514); 4624 (709); An account was successfully logged on. (709). Сетевые адреса/сайты: 10.14.1.72 (1311); 10.50.30.9 (506); 10.14.1.71 (372); 135.233.45.223 (126); 149.154.167.99 (109).,,3868,2025-12-31 07:58:17 — 2025-12-31 18:14:15,08:00 (725); 07:00 (515); 09:00 (418); 10:00 (414); 11:00 (335),Trusted Zone (1514); - (708); Kerberos (628); C:\\Windows\\System32\\svchost.exe (272); NtLmSsp (77),Microsoft-Windows-Security-Auditing (2354); TRAFFIC (1514); end (1514); 4624 (709); An account was successfully logged on. (709),user003 (3868); - (1453); tmtp-003612$ (324); user002 (3),,10.14.1.72 (1311); 10.50.30.9 (506); 10.14.1.71 (372); 135.233.45.223 (126); 149.154.167.99 (109),user003_SIEM_2025-12-31.csv; user003_PAN_2025-12-31.csv
user,user039,2025-12-31,low,События: 5073. Диапазон времени: 2025-12-31 00:03:21 — 2025-12-31 23:59:56. Пиковые часы: 17:00 (413); 08:00 (333); 00:00 (307); 11:00 (249); 21:00 (230). Аномальное время работы (ночь/поздний вечер): 00:00 (307). Запуск ПО: Trusted Zone (1533); - (863); Kerberos (800); Android/12-EAS-2.0 (299); C:\\Windows\\System32\\svchost.exe (148). События/ID: Microsoft-Windows-Security-Auditing (2826); TRAFFIC (1566); end (1096); 4624 (863); An account was successfully logged on. (863). Сетевые адреса/сайты: 10.14.1.72 (1772); 10.14.1.71 (1373); 10.50.30.112 (267); 84.201.132.175 (118); 130.193.50.30 (96).,,5073,2025-12-31 00:03:21 — 2025-12-31 23:59:56,17:00 (413); 08:00 (333); 00:00 (307); 11:00 (249); 21:00 (230),Trusted Zone (1533); - (863); Kerberos (800); Android/12-EAS-2.0 (299); C:\\Windows\\System32\\svchost.exe (148),Microsoft-Windows-Security-Auditing (2826); TRAFFIC (1566); end (1096); 4624 (863); An account was successfully logged on. (863),user039 (5073); - (1775); tmtp-000187$ (157); spb-msg01$ (24); spb-msg02$ (21),,10.14.1.72 (1772); 10.14.1.71 (1373); 10.50.30.112 (267); 84.201.132.175 (118); 130.193.50.30 (96),user039_SIEM_2025-12-31.csv; user039_PAN_2025-12-31.csv
user,user004,2025-12-31,low,События: 16746. Диапазон времени: 2025-12-31 00:00:29 — 2025-12-31 23:59:52. Пиковые часы: 11:00 (1154); 12:00 (823); 03:00 (822); 09:00 (774); 00:00 (771). Аномальное время работы (ночь/поздний вечер): 03:00 (822); 00:00 (771). Запуск ПО: Trusted Zone (9761); Outlook-iOS-Android/1.0 (1657); - (1501); Kerberos (1338); C:\\Windows\\System32\\svchost.exe (306). События/ID: TRAFFIC (9809); end (9493); Microsoft-Windows-Security-Auditing (4447); An account was successfully logged on. (1543); 4624 (1543). Сетевые адреса/сайты: 10.14.1.72 (3527); 10.14.1.71 (2296); 79.133.168.21 (533); 79.133.170.25 (522); 79.133.169.61 (521).,,16746,2025-12-31 00:00:29 — 2025-12-31 23:59:52,11:00 (1154); 12:00 (823); 03:00 (822); 09:00 (774); 00:00 (771),Trusted Zone (9761); Outlook-iOS-Android/1.0 (1657); - (1501); Kerberos (1338); C:\\Windows\\System32\\svchost.exe (306),TRAFFIC (9809); end (9493); Microsoft-Windows-Security-Auditing (4447); An account was successfully logged on. (1543); 4624 (1543),user004 (16746); - (2850); tmtp-000085$ (345); spb-msg02$ (15); spb-msg01$ (6),,10.14.1.72 (3527); 10.14.1.71 (2296); 79.133.168.21 (533); 79.133.170.25 (522); 79.133.169.61 (521),user004_SIEM_2025-12-31.csv; user004_PAN_2025-12-31.csv
user,user019,2025-12-31,low,События: 10898. Диапазон времени: 2025-12-31 00:00:13 — 2025-12-31 23:59:51. Пиковые часы: 16:00 (546); 10:00 (534); 17:00 (531); 00:00 (493); 14:00 (490). Аномальное время работы (ночь/поздний вечер): 00:00 (493). Запуск ПО: Trusted Zone (4255); NtLmSsp (1532); The username you typed does not eXist. Bad username. (1440); - (594); Kerberos (502). События/ID: Microsoft-Windows-Security-Auditing (6643); TRAFFIC (4255); An account was successfully logged on. (2034); 4624 (2034); deny (2000). Сетевые адреса/сайты: 10.37.2.37 (4320); 192.248.189.213 (719); 10.37.2.1 (388); 10.14.1.12 (376); 10.37.2.5 (222).,,10898,2025-12-31 00:00:13 — 2025-12-31 23:59:51,16:00 (546); 10:00 (534); 17:00 (531); 00:00 (493); 14:00 (490),Trusted Zone (4255); NtLmSsp (1532); The username you typed does not eXist. Bad username. (1440); - (594); Kerberos (502),Microsoft-Windows-Security-Auditing (6643); TRAFFIC (4255); An account was successfully logged on. (2034); 4624 (2034); deny (2000),user019 (10958); - (2185),,10.37.2.37 (4320); 192.248.189.213 (719); 10.37.2.1 (388); 10.14.1.12 (376); 10.37.2.5 (222),user019_SIEM_2025-12-31.csv; user019_PAN_2025-12-31.csv
user,user107,2025-12-31,low,События: 5594. Диапазон времени: 2025-12-31 00:01:28 — 2025-12-31 23:59:51. Пиковые часы: 11:00 (327); 20:00 (319); 07:00 (262); 16:00 (261); 19:00 (261). Запуск ПО: Trusted Zone (2526); Kerberos (1047); - (1047). События/ID: Microsoft-Windows-Security-Auditing (3068); end (2526); TRAFFIC (2526); An account was successfully logged on. (1047); 4624 (1047). Сетевые адреса/сайты: 10.14.1.71 (1867); 10.14.1.72 (1154); 135.233.45.221 (249); 84.201.132.175 (112); 172.178.240.162 (97).,,5594,2025-12-31 00:01:28 — 2025-12-31 23:59:51,11:00 (327); 20:00 (319); 07:00 (262); 16:00 (261); 19:00 (261),Trusted Zone (2526); Kerberos (1047); - (1047),Microsoft-Windows-Security-Auditing (3068); end (2526); TRAFFIC (2526); An account was successfully logged on. (1047); 4624 (1047),user107 (5594); - (2059),,10.14.1.71 (1867); 10.14.1.72 (1154); 135.233.45.221 (249); 84.201.132.175 (112); 172.178.240.162 (97),user107_SIEM_2025-12-31.csv; user107_PAN_2025-12-31.csv
user,user010,2025-12-31,low,События: 13028. Диапазон времени: 2025-12-31 00:00:11 — 2025-12-31 23:58:22. Пиковые часы: 13:00 (1394); 08:00 (1247); 15:00 (1204); 16:00 (1096); 12:00 (1067). Запуск ПО: Trusted Zone (6115); - (1545); Kerberos (1494); C:\\Windows\\System32\\svchost.exe (618); Android-Mail/2025.12.01.843385623.Release (559). События/ID: TRAFFIC (6157); end (5838); Microsoft-Windows-Security-Auditing (5680); An account was successfully logged on. (1545); 4624 (1545). Сетевые адреса/сайты: 10.14.1.71 (3958); 10.14.1.72 (1504); 10.50.30.56 (1210); 213.180.193.234 (397); 95.163.52.67 (183).,,13028,2025-12-31 00:00:11 — 2025-12-31 23:58:22,13:00 (1394); 08:00 (1247); 15:00 (1204); 16:00 (1096); 12:00 (1067),Trusted Zone (6115); - (1545); Kerberos (1494); C:\\Windows\\System32\\svchost.exe (618); Android-Mail/2025.12.01.843385623.Release (559),TRAFFIC (6157); end (5838); Microsoft-Windows-Security-Auditing (5680); An account was successfully logged on. (1545); 4624 (1545),user010 (13028); - (3445); tmtp-000766$ (694); spb-msg02$ (27); spb-msg01$ (24),,10.14.1.71 (3958); 10.14.1.72 (1504); 10.50.30.56 (1210); 213.180.193.234 (397); 95.163.52.67 (183),user010_SIEM_2025-12-31.csv; user010_PAN_2025-12-31.csv
user,user022,2025-12-31,low,События: 15964. Диапазон времени: 2025-12-31 00:00:00 — 2025-12-31 23:59:15. Пиковые часы: 02:00 (1046); 11:00 (777); 10:00 (772); 19:00 (741); 07:00 (725). Аномальное время работы (ночь/поздний вечер): 02:00 (1046). Запуск ПО: Trusted Zone (9826); - (1567); Kerberos (1544); Outlook-iOS-Android/1.0 (1173); KDC_ERR_NONE (40). События/ID: TRAFFIC (9861); end (9354); Microsoft-Windows-Security-Auditing (4335); 4624 (1569); An account was successfully logged on. (1569). Сетевые адреса/сайты: 10.14.1.72 (3012); 10.14.1.71 (1868); 10.50.11.6 (822); 79.133.170.29 (585); 213.180.193.234 (515).,,15964,2025-12-31 00:00:00 — 2025-12-31 23:59:15,02:00 (1046); 11:00 (777); 10:00 (772); 19:00 (741); 07:00 (725),Trusted Zone (9826); - (1567); Kerberos (1544); Outlook-iOS-Android/1.0 (1173); KDC_ERR_NONE (40),TRAFFIC (9861); end (9354); Microsoft-Windows-Security-Auditing (4335); 4624 (1569); An account was successfully logged on. (1569),user022 (15420); - (2698); user024 (544); spb-msg01$ (18); spb-msg02$ (15),,10.14.1.72 (3012); 10.14.1.71 (1868); 10.50.11.6 (822); 79.133.170.29 (585); 213.180.193.234 (515),user022_SIEM_2025-12-31.csv; user022_PAN_2025-12-31.csv
user,user006,2025-12-31,medium,События: 6116. Диапазон времени: 2025-12-31 00:00:43 — 2025-12-31 23:59:50. Пиковые часы: 17:00 (529); 11:00 (465); 18:00 (379); 12:00 (364); 19:00 (352). Запуск ПО: Trusted Zone (3190); - (1422); Kerberos (985); NtLmSsp (478); Negotiat (3). События/ID: TRAFFIC (3153); end (3131); Microsoft-Windows-Security-Auditing (2874); 4624 (1470); An account was successfully logged on. (1470). Сетевые адреса/сайты: 10.14.1.72 (1656); 10.50.11.20 (627); 10.14.1.71 (420); 213.180.193.234 (177); 172.178.240.163 (150).,,6116,2025-12-31 00:00:43 — 2025-12-31 23:59:50,17:00 (529); 11:00 (465); 18:00 (379); 12:00 (364); 19:00 (352),Trusted Zone (3190); - (1422); Kerberos (985); NtLmSsp (478); Negotiat (3),TRAFFIC (3153); end (3131); Microsoft-Windows-Security-Auditing (2874); 4624 (1470); An account was successfully logged on. (1470),user006 (6120); - (2160); tmtp-004132$ (6); cplus-nps01$ (4),,10.14.1.72 (1656); 10.50.11.20 (627); 10.14.1.71 (420); 213.180.193.234 (177); 172.178.240.163 (150),user006_SIEM_2025-12-31.csv; user006_PAN_2025-12-31.csv
user,user089,2025-12-31,medium,События: 7363. Диапазон времени: 2025-12-31 00:14:05 — 2025-12-31 23:59:13. Пиковые часы: 13:00 (722); 11:00 (680); 15:00 (530); 12:00 (517); 19:00 (511). Запуск ПО: Trusted Zone (4568); Outlook-iOS-Android/1.0 (1789); DMZ Prod Infra Zone (35); C:\\Windows\\System32\\svchost.exe (16); %%2313 (10). События/ID: TRAFFIC (4603); end (4484); deny (119); Microsoft-Windows-Security-Auditing (71); A new process has been created. (17). Сетевые адреса/сайты: 10.14.1.71 (1680); 10.14.1.72 (796); 79.133.171.3 (402); 79.133.168.33 (374); 10.10.7.21 (275).,,7363,2025-12-31 00:14:05 — 2025-12-31 23:59:13,13:00 (722); 11:00 (680); 15:00 (530); 12:00 (517); 19:00 (511),Trusted Zone (4568); Outlook-iOS-Android/1.0 (1789); DMZ Prod Infra Zone (35); C:\\Windows\\System32\\svchost.exe (16); %%2313 (10),TRAFFIC (4603); end (4484); deny (119); Microsoft-Windows-Security-Auditing (71); A new process has been created. (17),user089 (7363); tmtp-000417$ (23); spb-msg02$ (15); spb-msg01$ (12); - (7),,10.14.1.71 (1680); 10.14.1.72 (796); 79.133.171.3 (402); 79.133.168.33 (374); 10.10.7.21 (275),user089_SIEM_2025-12-31.csv; user089_PAN_2025-12-31.csv
user,user056,2025-12-31,medium,События: 2922. Диапазон времени: 2025-12-31 07:59:32 — 2025-12-31 23:59:19. Пиковые часы: 12:00 (571); 23:00 (345); 19:00 (262); 16:00 (242); 22:00 (215). Аномальное время работы (ночь/поздний вечер): 23:00 (345); 22:00 (215). Запуск ПО: Trusted Zone (1439); - (536); Kerberos (499); NtLmSsp (35); No errors. (6). События/ID: Microsoft-Windows-Security-Auditing (1483); TRAFFIC (1439); end (1439); 4624 (536); An account was successfully logged on. (536). Сетевые адреса/сайты: 10.14.1.72 (1343); 135.234.160.246 (103); 135.233.45.223 (95); 135.233.45.221 (84); 172.178.240.162 (68).,,2922,2025-12-31 07:59:32 — 2025-12-31 23:59:19,12:00 (571); 23:00 (345); 19:00 (262); 16:00 (242); 22:00 (215),Trusted Zone (1439); - (536); Kerberos (499); NtLmSsp (35); No errors. (6),Microsoft-Windows-Security-Auditing (1483); TRAFFIC (1439); end (1439); 4624 (536); An account was successfully logged on. (536),user056 (2922); - (1007); tmtp-005278$ (2),,10.14.1.72 (1343); 135.234.160.246 (103); 135.233.45.223 (95); 135.233.45.221 (84); 172.178.240.162 (68),user056_SIEM_2025-12-31.csv; user056_PAN_2025-12-31.csv
user,user055,2025-12-31,medium,События: 94. Диапазон времени: 2025-12-31 08:34:13 — 2025-12-31 09:30:16. Пиковые часы: 08:00 (78); 09:00 (16). Запуск ПО: Trusted Zone (29); - (4); Kerberos (3); IAS (1). События/ID: TRAFFIC (29); end (29); 106103 (24); access-list DAP-ip-user-E0E4600E denied icmp (24); Microsoft-Windows-Security-Auditing (9). Сетевые адреса/сайты: 51.250.35.43 (8); 10.14.91.196 (5); 158.160.199.219 (4); 84.201.132.175 (4); 10.14.244.157 (3).,,94,2025-12-31 08:34:13 — 2025-12-31 09:30:16,08:00 (78); 09:00 (16),Trusted Zone (29); - (4); Kerberos (3); IAS (1),TRAFFIC (29); end (29); 106103 (24); access-list DAP-ip-user-E0E4600E denied icmp (24); Microsoft-Windows-Security-Auditing (9),user055 (96); cplus-nps01$ (3); - (3),,51.250.35.43 (8); 10.14.91.196 (5); 158.160.199.219 (4); 84.201.132.175 (4); 10.14.244.157 (3),user055_SIEM_2025-12-31.csv; user055_PAN_2025-12-31.csv
user,user043,2025-12-31,medium,События: 4664. Диапазон времени: 2025-12-31 00:03:43 — 2025-12-31 23:49:13. Пиковые часы: 11:00 (527); 05:00 (395); 13:00 (383); 19:00 (374); 12:00 (314). Аномальное время работы (ночь/поздний вечер): 05:00 (395). Запуск ПО: Outlook-iOS-Android/1.0 (1275); Apple-iPhone12C1/2303.55 (1179); Trusted Zone (159); DMZ Prod Infra Zone (12); No errors. (10). События/ID: TRAFFIC (171); deny (143); end (28); Microsoft-Windows-Security-Auditing (28); 4776 (10). Сетевые адреса/сайты: 10.14.1.71 (2953); 10.14.1.72 (966); 10.10.7.21 (570); 79.133.168.53 (55); 10.37.2.7 (10).,,4664,2025-12-31 00:03:43 — 2025-12-31 23:49:13,11:00 (527); 05:00 (395); 13:00 (383); 19:00 (374); 12:00 (314),Outlook-iOS-Android/1.0 (1275); Apple-iPhone12C1/2303.55 (1179); Trusted Zone (159); DMZ Prod Infra Zone (12); No errors. (10),TRAFFIC (171); deny (143); end (28); Microsoft-Windows-Security-Auditing (28); 4776 (10),user043 (4664); spb-msg02$ (9); spb-msg01$ (3),,10.14.1.71 (2953); 10.14.1.72 (966); 10.10.7.21 (570); 79.133.168.53 (55); 10.37.2.7 (10),user043_SIEM_2025-12-31.csv; user043_PAN_2025-12-31.csv
user,user044,2025-12-31,medium,События: 75414. Диапазон времени: 2025-12-31 00:00:01 — 2025-12-31 23:59:59. Пиковые часы: 00:00 (3364); 11:00 (3307); 04:00 (3246); 07:00 (3231); 08:00 (3193). Аномальное время работы (ночь/поздний вечер): 00:00 (3364); 04:00 (3246). Запуск ПО: Trusted Zone (71866); - (743); Kerberos (599); Apple-iPhone16C2/2302.85 (518); NtLmSsp (105). События/ID: TRAFFIC (71933); end (71298); Microsoft-Windows-Security-Auditing (2096); 4624 (736); An account was successfully logged on. (736). Сетевые адреса/сайты: 10.13.214.6 (69049); 10.14.1.71 (1740); 10.14.1.72 (1426); 10.10.7.21 (151); 135.234.160.245 (123).,,75414,2025-12-31 00:00:01 — 2025-12-31 23:59:59,00:00 (3364); 11:00 (3307); 04:00 (3246); 07:00 (3231); 08:00 (3193),Trusted Zone (71866); - (743); Kerberos (599); Apple-iPhone16C2/2302.85 (518); NtLmSsp (105),TRAFFIC (71933); end (71298); Microsoft-Windows-Security-Auditing (2096); 4624 (736); An account was successfully logged on. (736),user044 (75416); - (1320); spb-msg01$ (45); spb-msg02$ (42); tmtp-000023-nb$ (2),,10.13.214.6 (69049); 10.14.1.71 (1740); 10.14.1.72 (1426); 10.10.7.21 (151); 135.234.160.245 (123),user044_SIEM_2025-12-31.csv; user044_PAN_2025-12-31.csv
user,user075,2025-12-31,medium,События: 6740. Диапазон времени: 2025-12-31 00:04:37 — 2025-12-31 23:59:13. Пиковые часы: 10:00 (1397); 03:00 (556); 06:00 (540); 11:00 (412); 16:00 (360). Аномальное время работы (ночь/поздний вечер): 03:00 (556). Запуск ПО: Trusted Zone (3416); - (661); C:\\Windows\\System32\\svchost.exe (547); Kerberos (478); Apple-iPhone16C2/2207.100 (353). События/ID: TRAFFIC (3474); Microsoft-Windows-Security-Auditing (2380); end (1916); deny (1556); A new process has been created. (711). Сетевые адреса/сайты: 10.14.1.71 (1192); 10.14.1.72 (997); 10.50.32.7 (713); 79.133.169.21 (401); 10.50.11.20 (146).,,6740,2025-12-31 00:04:37 — 2025-12-31 23:59:13,10:00 (1397); 03:00 (556); 06:00 (540); 11:00 (412); 16:00 (360),Trusted Zone (3416); - (661); C:\\Windows\\System32\\svchost.exe (547); Kerberos (478); Apple-iPhone16C2/2207.100 (353),TRAFFIC (3474); Microsoft-Windows-Security-Auditing (2380); end (1916); deny (1556); A new process has been created. (711),user075 (6758); - (1192); tmtp-000247$ (562); spb-msg01$ (66); spb-msg02$ (57),,10.14.1.71 (1192); 10.14.1.72 (997); 10.50.32.7 (713); 79.133.169.21 (401); 10.50.11.20 (146),user075_SIEM_2025-12-31.csv; user075_PAN_2025-12-31.csv
user,user027,2025-12-31,medium,События: 12916. Диапазон времени: 2025-12-31 00:00:21 — 2025-12-31 23:59:50. Пиковые часы: 12:00 (3693); 11:00 (1402); 14:00 (754); 15:00 (576); 13:00 (516). Запуск ПО: Trusted Zone (5881); Outlook-iOS-Android/1.0 (1931); - (1464); Kerberos (1267); NtLmSsp (157). События/ID: TRAFFIC (5917); end (5745); Microsoft-Windows-Security-Auditing (3909); An account was successfully logged on. (1438); 4624 (1438). Сетевые адреса/сайты: 10.14.1.72 (4688); 10.13.214.6 (3386); 10.14.1.71 (1523); 10.10.7.21 (348); 10.50.11.20 (177).,,12916,2025-12-31 00:00:21 — 2025-12-31 23:59:50,12:00 (3693); 11:00 (1402); 14:00 (754); 15:00 (576); 13:00 (516),Trusted Zone (5881); Outlook-iOS-Android/1.0 (1931); - (1464); Kerberos (1267); NtLmSsp (157),TRAFFIC (5917); end (5745); Microsoft-Windows-Security-Auditing (3909); An account was successfully logged on. (1438); 4624 (1438),user027 (12920); - (2650); spb-msg01$ (9); cplus-nps01$ (6); tmtp-003312$ (4),,10.14.1.72 (4688); 10.13.214.6 (3386); 10.14.1.71 (1523); 10.10.7.21 (348); 10.50.11.20 (177),user027_SIEM_2025-12-31.csv; user027_PAN_2025-12-31.csv
user,user041,2025-12-31,medium,События: 2400. Диапазон времени: 2025-12-31 00:04:08 — 2025-12-31 23:59:13. Пиковые часы: 11:00 (262); 08:00 (171); 13:00 (139); 17:00 (136); 23:00 (136). Аномальное время работы (ночь/поздний вечер): 23:00 (136). Запуск ПО: Outlook-iOS-Android/1.0 (1452); Trusted Zone (163); DMZ Prod Infra Zone (28); Advapi (7); - (7). События/ID: TRAFFIC (191); deny (141); end (50); Microsoft-Windows-Security-Auditing (30); 4634 (8). Сетевые адреса/сайты: 10.14.1.71 (1354); 10.14.1.72 (624); 10.10.7.21 (250); 79.133.170.3 (15); 79.133.168.18 (14).,,2400,2025-12-31 00:04:08 — 2025-12-31 23:59:13,11:00 (262); 08:00 (171); 13:00 (139); 17:00 (136); 23:00 (136),Outlook-iOS-Android/1.0 (1452); Trusted Zone (163); DMZ Prod Infra Zone (28); Advapi (7); - (7),TRAFFIC (191); deny (141); end (50); Microsoft-Windows-Security-Auditing (30); 4634 (8),user041 (2400); spb-msg01$ (18); spb-msg02$ (3),,10.14.1.71 (1354); 10.14.1.72 (624); 10.10.7.21 (250); 79.133.170.3 (15); 79.133.168.18 (14),user041_SIEM_2025-12-31.csv; user041_PAN_2025-12-31.csv
host,tmtp-000112,2025-12-31,critical,События: 11699. Диапазон времени: 2025-12-31 00:00:07 — 2025-12-31 23:58:43. Пиковые часы: 12:00 (1058); 00:00 (928); 13:00 (631); 15:00 (552); 11:00 (533). Аномальное время работы (ночь/поздний вечер): 00:00 (928). Запуск ПО: - (3300); Kerberos (1750); Trusted Zone (1670); C:\\Windows\\System32\\svchost.exe (1426); NtLmSsp (1384). События/ID: Microsoft-Windows-Security-Auditing (9876); An account was successfully logged on. (3327); 4624 (3327); A new process has been created. (3100); 4688 (3100). Сетевые адреса/сайты: 10.50.27.6 (3687); 10.14.1.72 (2373); 10.14.1.71 (2336); 10.50.11.20 (1458); 84.201.132.175 (92).,,11699,2025-12-31 00:00:07 — 2025-12-31 23:58:43,12:00 (1058); 00:00 (928); 13:00 (631); 15:00 (552); 11:00 (533),- (3300); Kerberos (1750); Trusted Zone (1670); C:\\Windows\\System32\\svchost.exe (1426); NtLmSsp (1384),Microsoft-Windows-Security-Auditing (9876); An account was successfully logged on. (3327); 4624 (3327); A new process has been created. (3100); 4688 (3100),user053 (9038); - (6757); tmtp-000112$ (3967); user036 (162); spb-msg02$ (30),,10.50.27.6 (3687); 10.14.1.72 (2373); 10.14.1.71 (2336); 10.50.11.20 (1458); 84.201.132.175 (92),tmtp-000112_SIEM_2025-12-31.csv; tmtp-000112_PAN_2025-12-31.csv
host,tmtp-000262,2025-12-31,high,События: 1520. Диапазон времени: 2025-12-31 08:00:18 — 2025-12-31 14:39:21. Пиковые часы: 08:00 (561); 10:00 (279); 09:00 (178); 11:00 (156); 13:00 (152). Запуск ПО: C:\\Windows\\System32\\svchost.exe (644); C:\\Windows\\System32\\services.exe (223); - (189); Advapi (160); C:\\Windows\\System32\\SearchIndexer.exe (130). События/ID: Microsoft-Windows-Security-Auditing (1520); 4688 (1160); A new process has been created. (1160); 4624 (196); An account was successfully logged on. (196). Сетевые адреса/сайты: 10.50.30.240 (1507); 10.50.11.34 (7); 10.37.7.77 (6).,,1520,2025-12-31 08:00:18 — 2025-12-31 14:39:21,08:00 (561); 10:00 (279); 09:00 (178); 11:00 (156); 13:00 (152),C:\\Windows\\System32\\svchost.exe (644); C:\\Windows\\System32\\services.exe (223); - (189); Advapi (160); C:\\Windows\\System32\\SearchIndexer.exe (130),Microsoft-Windows-Security-Auditing (1520); 4688 (1160); A new process has been created. (1160); 4624 (196); An account was successfully logged on. (196),tmtp-000262$ (1717); - (641); user080 (499); user036 (153); user002 (14),,10.50.30.240 (1507); 10.50.11.34 (7); 10.37.7.77 (6),tmtp-000262_SIEM_2025-12-31.csv
host,tmtp-003612,2025-12-31,low,События: 1671. Диапазон времени: 2025-12-31 07:57:52 — 2025-12-31 18:10:53. Пиковые часы: 08:00 (221); 09:00 (212); 07:00 (183); 11:00 (166); 13:00 (155). Запуск ПО: C:\\Windows\\System32\\svchost.exe (577); - (301); C:\\Windows\\System32\\services.exe (298); Advapi (219); C:\\Windows\\System32\\SearchIndexer.exe (160). События/ID: Microsoft-Windows-Security-Auditing (1671); 4688 (1181); A new process has been created. (1181); 4624 (322); An account was successfully logged on. (322). Сетевые адреса/сайты: 10.50.30.9 (1644); 10.50.11.34 (21); 10.37.7.77 (6).,,1671,2025-12-31 07:57:52 — 2025-12-31 18:10:53,08:00 (221); 09:00 (212); 07:00 (183); 11:00 (166); 13:00 (155),C:\\Windows\\System32\\svchost.exe (577); - (301); C:\\Windows\\System32\\services.exe (298); Advapi (219); C:\\Windows\\System32\\SearchIndexer.exe (160),Microsoft-Windows-Security-Auditing (1671); 4688 (1181); A new process has been created. (1181); 4624 (322); An account was successfully logged on. (322),tmtp-003612$ (1880); - (883); user003 (324); user036 (211); user099 (14),,10.50.30.9 (1644); 10.50.11.34 (21); 10.37.7.77 (6),tmtp-003612_SIEM_2025-12-31.csv
host,tmtp-000143,2025-12-31,low,"События: 1479. Диапазон времени: 2025-12-31 00:00:33 — 2025-12-31 23:55:17. Пиковые часы: 00:00 (95); 14:00 (90); 12:00 (89); 04:00 (80); 06:00 (78). Аномальное время работы (ночь/поздний вечер): 00:00 (95); 04:00 (80). Запуск ПО: C:\\Windows\\System32\\svchost.exe (541); C:\\Windows\\System32\\SearchIndexer.exe (249); C:\\WINDOWS\\system32\\wbem\\wmiprvse.exe -Embedding (201); - (174); ""C:\\WINDOWS\\system32\\SearchFilterHost.exe"" 0 716 720 728 8192 724 (125). События/ID: Microsoft-Windows-Security-Auditing (1479); 4688 (983); A new process has been created. (983); 4662 (295); An operation was performed on an object. (295). Сетевые адреса/сайты: 10.50.34.12 (1451); 10.50.11.34 (25); 10.37.7.77 (3).",,1479,2025-12-31 00:00:33 — 2025-12-31 23:55:17,00:00 (95); 14:00 (90); 12:00 (89); 04:00 (80); 06:00 (78),"C:\\Windows\\System32\\svchost.exe (541); C:\\Windows\\System32\\SearchIndexer.exe (249); C:\\WINDOWS\\system32\\wbem\\wmiprvse.exe -Embedding (201); - (174); ""C:\\WINDOWS\\system32\\SearchFilterHost.exe"" 0 716 720 728 8192 724 (125)",Microsoft-Windows-Security-Auditing (1479); 4688 (983); A new process has been created. (983); 4662 (295); An operation was performed on an object. (295),tmtp-000143$ (1808); - (910); user005 (136); user036 (76); user035 (26),,10.50.34.12 (1451); 10.50.11.34 (25); 10.37.7.77 (3),tmtp-000143_SIEM_2025-12-31.csv
host,tmtp-000392,2025-12-31,low,События: 3953. Диапазон времени: 2025-12-31 00:00:23 — 2025-12-31 23:59:59. Пиковые часы: 08:00 (195); 00:00 (193); 17:00 (193); 15:00 (185); 22:00 (183). Аномальное время работы (ночь/поздний вечер): 00:00 (193); 22:00 (183). Запуск ПО: - (1976); Kerberos (1961); NtLmSsp (43); KDC_ERR_NONE (12). События/ID: Microsoft-Windows-Security-Auditing (3953); 4624 (2004); An account was successfully logged on. (2004); An account was logged off. (1935); 4634 (1935). Сетевые адреса/сайты: 10.50.11.6 (3877); 10.50.11.20 (42); 10.50.11.34 (28); 10.37.7.77 (6).,,3953,2025-12-31 00:00:23 — 2025-12-31 23:59:59,08:00 (195); 00:00 (193); 17:00 (193); 15:00 (185); 22:00 (183),- (1976); Kerberos (1961); NtLmSsp (43); KDC_ERR_NONE (12),Microsoft-Windows-Security-Auditing (3953); 4624 (2004); An account was successfully logged on. (2004); An account was logged off. (1935); 4634 (1935),tmtp-000392$ (3953); - (2006),,10.50.11.6 (3877); 10.50.11.20 (42); 10.50.11.34 (28); 10.37.7.77 (6),tmtp-000392_SIEM_2025-12-31.csv
host,tmtp-000085,2025-12-31,low,События: 2137. Диапазон времени: 2025-12-31 00:00:32 — 2025-12-31 23:59:48. Пиковые часы: 11:00 (574); 09:00 (134); 10:00 (127); 08:00 (121); 14:00 (115). Запуск ПО: C:\\Windows\\System32\\svchost.exe (642); - (260); C:\\Windows\\Microsoft.NET\\Framework64\\v4.0.30319\\ngentask.exe (232); taskhostw.exe Install $(Arg0) (229); C:\\Windows\\System32\\SearchIndexer.exe (229). События/ID: Microsoft-Windows-Security-Auditing (2137); A new process has been created. (1561); 4688 (1561); 4624 (286); An account was successfully logged on. (286). Сетевые адреса/сайты: 10.50.30.36 (2085); 10.50.11.34 (26); 10.50.11.6 (12); 10.50.11.163 (10); 10.50.11.167 (4).,,2137,2025-12-31 00:00:32 — 2025-12-31 23:59:48,11:00 (574); 09:00 (134); 10:00 (127); 08:00 (121); 14:00 (115),C:\\Windows\\System32\\svchost.exe (642); - (260); C:\\Windows\\Microsoft.NET\\Framework64\\v4.0.30319\\ngentask.exe (232); taskhostw.exe Install $(Arg0) (229); C:\\Windows\\System32\\SearchIndexer.exe (229),Microsoft-Windows-Security-Auditing (2137); A new process has been created. (1561); 4688 (1561); 4624 (286); An account was successfully logged on. (286),tmtp-000085$ (2452); - (1310); user004 (345); user036 (136); user035 (24),,10.50.30.36 (2085); 10.50.11.34 (26); 10.50.11.6 (12); 10.50.11.163 (10); 10.50.11.167 (4),tmtp-000085_SIEM_2025-12-31.csv
host,tmtp-004018,2025-12-31,low,События: 641. Диапазон времени: 2025-12-31 00:06:59 — 2025-12-31 23:52:52. Пиковые часы: 18:00 (38); 14:00 (38); 20:00 (34); 16:00 (33); 02:00 (30). Аномальное время работы (ночь/поздний вечер): 02:00 (30). Запуск ПО: - (611); Advapi (504); Kerberos (116); User32 (8); Negotiat (8). События/ID: Microsoft-Windows-Security-Auditing (641); An account was successfully logged on. (636); 4624 (636); 4625 (3); An account failed to log on. (3). Сетевые адреса/сайты: 10.50.30.48 (613); 10.50.11.34 (25); 10.37.7.77 (3).,,641,2025-12-31 00:06:59 — 2025-12-31 23:52:52,18:00 (38); 14:00 (38); 20:00 (34); 16:00 (33); 02:00 (30),- (611); Advapi (504); Kerberos (116); User32 (8); Negotiat (8),Microsoft-Windows-Security-Auditing (641); An account was successfully logged on. (636); 4624 (636); 4625 (3); An account failed to log on. (3),tmtp-004018$ (641); user036 (492); - (117); user052 (19); user035 (12),,10.50.30.48 (613); 10.50.11.34 (25); 10.37.7.77 (3),tmtp-004018_SIEM_2025-12-31.csv
host,tmtp-000323,2025-12-31,low,События: 2768. Диапазон времени: 2025-12-31 00:00:34 — 2025-12-31 23:59:17. Пиковые часы: 11:00 (211); 22:00 (146); 00:00 (143); 02:00 (139); 14:00 (139). Аномальное время работы (ночь/поздний вечер): 22:00 (146); 00:00 (143); 02:00 (139). Запуск ПО: C:\\Windows\\System32\\svchost.exe (919); C:\\Windows\\System32\\services.exe (623); - (616); Advapi (496); C:\\Windows\\system32\\wbem\\wmiprvse.exe -Embedding (202). События/ID: Microsoft-Windows-Security-Auditing (2768); 4688 (1766); A new process has been created. (1766); 4624 (647); An account was successfully logged on. (647). Сетевые адреса/сайты: 10.50.21.99 (2733); 10.50.11.34 (31); 10.37.7.77 (3); 10.50.11.61 (1).,,2768,2025-12-31 00:00:34 — 2025-12-31 23:59:17,11:00 (211); 22:00 (146); 00:00 (143); 02:00 (139); 14:00 (139),C:\\Windows\\System32\\svchost.exe (919); C:\\Windows\\System32\\services.exe (623); - (616); Advapi (496); C:\\Windows\\system32\\wbem\\wmiprvse.exe -Embedding (202),Microsoft-Windows-Security-Auditing (2768); 4688 (1766); A new process has been created. (1766); 4624 (647); An account was successfully logged on. (647),tmtp-000323$ (3182); - (1343); user007 (497); user036 (484); user035 (24),,10.50.21.99 (2733); 10.50.11.34 (31); 10.37.7.77 (3); 10.50.11.61 (1),tmtp-000323_SIEM_2025-12-31.csv
host,tmtp-004132,2025-12-31,low,События: 635. Диапазон времени: 2025-12-31 00:00:16 — 2025-12-31 23:57:39. Пиковые часы: 11:00 (46); 08:00 (37); 16:00 (35); 23:00 (34); 04:00 (32). Аномальное время работы (ночь/поздний вечер): 23:00 (34); 04:00 (32). Запуск ПО: - (602); Advapi (474); Kerberos (145); Authz (8); User32 (3). События/ID: Microsoft-Windows-Security-Auditing (635); 4624 (633); An account was successfully logged on. (633); An account was logged off. (1); Group membership information. (1). Сетевые адреса/сайты: 10.50.21.55 (584); 10.50.11.34 (31); 10.50.11.133 (8); 10.50.11.20 (6); 10.50.11.163 (3).,,635,2025-12-31 00:00:16 — 2025-12-31 23:57:39,11:00 (46); 08:00 (37); 16:00 (35); 23:00 (34); 04:00 (32),- (602); Advapi (474); Kerberos (145); Authz (8); User32 (3),Microsoft-Windows-Security-Auditing (635); 4624 (633); An account was successfully logged on. (633); An account was logged off. (1); Group membership information. (1),tmtp-004132$ (635); user036 (462); - (146); user035 (12); tmtp-lictrds$ (8),,10.50.21.55 (584); 10.50.11.34 (31); 10.50.11.133 (8); 10.50.11.20 (6); 10.50.11.163 (3),tmtp-004132_SIEM_2025-12-31.csv
host,TMTP-000023-NB,2025-12-31,low,События: 481. Диапазон времени: 2025-12-31 00:02:40 — 2025-12-31 23:57:54. Пиковые часы: 16:00 (29); 17:00 (28); 04:00 (26); 21:00 (26); 23:00 (25). Аномальное время работы (ночь/поздний вечер): 04:00 (26); 23:00 (25). Запуск ПО: - (454); Advapi (304); Kerberos (147); NtLmSsp (24); Authz (2). События/ID: Microsoft-Windows-Security-Auditing (481); 4624 (479); An account was successfully logged on. (479); An account was logged off. (1); Group membership information. (1). Сетевые адреса/сайты: 10.50.30.73 (403); 10.50.11.20 (48); 10.50.11.34 (25); 10.37.7.77 (3); 10.50.11.133 (2).,,481,2025-12-31 00:02:40 — 2025-12-31 23:57:54,16:00 (29); 17:00 (28); 04:00 (26); 21:00 (26); 23:00 (25),- (454); Advapi (304); Kerberos (147); NtLmSsp (24); Authz (2),Microsoft-Windows-Security-Auditing (481); 4624 (479); An account was successfully logged on. (479); An account was logged off. (1); Group membership information. (1),tmtp-000023-nb$ (481); user036 (292); - (172); user035 (12); tmtp-lictrds$ (2),,10.50.30.73 (403); 10.50.11.20 (48); 10.50.11.34 (25); 10.37.7.77 (3); 10.50.11.133 (2),TMTP-000023-NB_SIEM_2025-12-31.csv
host,cplus-0107994,2025-12-31,low,События: 727. Диапазон времени: 2025-12-31 00:00:33 — 2025-12-31 23:50:33. Пиковые часы: 12:00 (43); 16:00 (41); 14:00 (40); 02:00 (38); 11:00 (38). Аномальное время работы (ночь/поздний вечер): 02:00 (38). Запуск ПО: - (696); Advapi (590); Kerberos (134); NtLmSsp (1). События/ID: Microsoft-Windows-Security-Auditing (727); 4624 (725); An account was successfully logged on. (725); An account was logged off. (1); Group membership information. (1). Сетевые адреса/сайты: 10.50.26.22 (694); 10.50.11.34 (29); 10.37.7.77 (3); 10.50.11.50 (1).,,727,2025-12-31 00:00:33 — 2025-12-31 23:50:33,12:00 (43); 16:00 (41); 14:00 (40); 02:00 (38); 11:00 (38),- (696); Advapi (590); Kerberos (134); NtLmSsp (1),Microsoft-Windows-Security-Auditing (727); 4624 (725); An account was successfully logged on. (725); An account was logged off. (1); Group membership information. (1),cplus-0107994$ (727); user036 (578); - (136); user035 (12),,10.50.26.22 (694); 10.50.11.34 (29); 10.37.7.77 (3); 10.50.11.50 (1),cplus-0107994_SIEM_2025-12-31.csv
host,tmtp-000907,2025-12-31,low,События: 493. Диапазон времени: 2025-12-31 00:02:16 — 2025-12-31 23:56:22. Пиковые часы: 12:00 (29); 17:00 (28); 00:00 (27); 10:00 (26); 15:00 (25). Аномальное время работы (ночь/поздний вечер): 00:00 (27). Запуск ПО: - (464); Advapi (366); Kerberos (125). События/ID: Microsoft-Windows-Security-Auditing (493); 4624 (491); An account was successfully logged on. (491); An account was logged off. (1); Group membership information. (1). Сетевые адреса/сайты: 10.50.37.15 (463); 10.50.11.34 (27); 10.37.7.77 (3).,,493,2025-12-31 00:02:16 — 2025-12-31 23:56:22,12:00 (29); 17:00 (28); 00:00 (27); 10:00 (26); 15:00 (25),- (464); Advapi (366); Kerberos (125),Microsoft-Windows-Security-Auditing (493); 4624 (491); An account was successfully logged on. (491); An account was logged off. (1); Group membership information. (1),tmtp-000907$ (493); user036 (354); - (126); user035 (12),,10.50.37.15 (463); 10.50.11.34 (27); 10.37.7.77 (3),tmtp-000907_SIEM_2025-12-31.csv
host,tmtp-004135,2025-12-31,low,События: 568. Диапазон времени: 2025-12-31 00:08:13 — 2025-12-31 23:56:21. Пиковые часы: 16:00 (33); 08:00 (33); 19:00 (31); 04:00 (30); 10:00 (30). Аномальное время работы (ночь/поздний вечер): 04:00 (30). Запуск ПО: - (538); Advapi (426); Kerberos (140). События/ID: Microsoft-Windows-Security-Auditing (568); 4624 (566); An account was successfully logged on. (566); An account was logged off. (1); Group membership information. (1). Сетевые адреса/сайты: 10.50.30.13 (537); 10.50.11.34 (28); 10.37.7.77 (3).,,568,2025-12-31 00:08:13 — 2025-12-31 23:56:21,16:00 (33); 08:00 (33); 19:00 (31); 04:00 (30); 10:00 (30),- (538); Advapi (426); Kerberos (140),Microsoft-Windows-Security-Auditing (568); 4624 (566); An account was successfully logged on. (566); An account was logged off. (1); Group membership information. (1),tmtp-004135$ (568); user036 (414); - (141); user035 (12),,10.50.30.13 (537); 10.50.11.34 (28); 10.37.7.77 (3),tmtp-004135_SIEM_2025-12-31.csv
host,tmtp-003312,2025-12-31,low,События: 459. Диапазон времени: 2025-12-31 00:02:15 — 2025-12-31 23:58:51. Пиковые часы: 14:00 (37); 11:00 (32); 06:00 (26); 16:00 (25); 22:00 (24). Аномальное время работы (ночь/поздний вечер): 22:00 (24). Запуск ПО: - (429); Advapi (321); Kerberos (130); NtLmSsp (2); Negotiat (2). События/ID: Microsoft-Windows-Security-Auditing (459); 4624 (457); An account was successfully logged on. (457); An account was logged off. (1); Group membership information. (1). Сетевые адреса/сайты: 10.50.29.67 (422); 10.50.11.34 (28); 10.50.11.20 (6); 10.37.7.77 (3).,,459,2025-12-31 00:02:15 — 2025-12-31 23:58:51,14:00 (37); 11:00 (32); 06:00 (26); 16:00 (25); 22:00 (24),- (429); Advapi (321); Kerberos (130); NtLmSsp (2); Negotiat (2),Microsoft-Windows-Security-Auditing (459); 4624 (457); An account was successfully logged on. (457); An account was logged off. (1); Group membership information. (1),tmtp-003312$ (459); user036 (309); - (133); user035 (12); user027 (4),,10.50.29.67 (422); 10.50.11.34 (28); 10.50.11.20 (6); 10.37.7.77 (3),tmtp-003312_SIEM_2025-12-31.csv
host,tmtp-000766,2025-12-31,low,События: 3040. Диапазон времени: 2025-12-31 00:00:26 — 2025-12-31 23:59:20. Пиковые часы: 12:00 (210); 15:00 (207); 16:00 (196); 11:00 (180); 08:00 (173). Запуск ПО: C:\\Windows\\System32\\svchost.exe (1191); - (589); C:\\Windows\\System32\\services.exe (556); Advapi (427); C:\\Windows\\system32\\wbem\\wmiprvse.exe -Embedding (204). События/ID: Microsoft-Windows-Security-Auditing (3040); 4688 (2113); A new process has been created. (2112); An account was successfully logged on. (616); 4624 (616). Сетевые адреса/сайты: 10.50.30.56 (2962); 10.50.11.20 (36); 10.50.11.34 (27); 10.50.11.6 (12); 10.37.7.77 (3).,,3040,2025-12-31 00:00:26 — 2025-12-31 23:59:20,12:00 (210); 15:00 (207); 16:00 (196); 11:00 (180); 08:00 (173),C:\\Windows\\System32\\svchost.exe (1191); - (589); C:\\Windows\\System32\\services.exe (556); Advapi (427); C:\\Windows\\system32\\wbem\\wmiprvse.exe -Embedding (204),Microsoft-Windows-Security-Auditing (3040); 4688 (2113); A new process has been created. (2112); An account was successfully logged on. (616); 4624 (616),tmtp-000766$ (3394); - (1540); user010 (694); user036 (415); user035 (24),,10.50.30.56 (2962); 10.50.11.20 (36); 10.50.11.34 (27); 10.50.11.6 (12); 10.37.7.77 (3),tmtp-000766_SIEM_2025-12-31.csv
host,tmtp-000417,2025-12-31,medium,События: 1120. Диапазон времени: 2025-12-31 11:45:09 — 2025-12-31 23:59:29. Пиковые часы: 12:00 (263); 11:00 (203); 18:00 (82); 13:00 (73); 22:00 (71). Аномальное время работы (ночь/поздний вечер): 22:00 (71). Запуск ПО: C:\\Windows\\System32\\svchost.exe (282); - (209); C:\\Windows\\System32\\services.exe (152); Advapi (119); C:\\Windows\\system32\\wbem\\wmiprvse.exe -Embedding (117). События/ID: Microsoft-Windows-Security-Auditing (1120); 4688 (588); A new process has been created. (588); An operation was performed on an object. (291); 4662 (291). Сетевые адреса/сайты: 10.50.30.32 (1098); 10.50.11.34 (13); 10.37.7.77 (9).,,1120,2025-12-31 11:45:09 — 2025-12-31 23:59:29,12:00 (263); 11:00 (203); 18:00 (82); 13:00 (73); 22:00 (71),C:\\Windows\\System32\\svchost.exe (282); - (209); C:\\Windows\\System32\\services.exe (152); Advapi (119); C:\\Windows\\system32\\wbem\\wmiprvse.exe -Embedding (117),Microsoft-Windows-Security-Auditing (1120); 4688 (588); A new process has been created. (588); An operation was performed on an object. (291); 4662 (291),tmtp-000417$ (1446); - (631); user036 (109); user089 (23); user035 (14),,10.50.30.32 (1098); 10.50.11.34 (13); 10.37.7.77 (9),tmtp-000417_SIEM_2025-12-31.csv
host,tmtp-000565,2025-12-31,medium,События: 1498. Диапазон времени: 2025-12-31 00:00:21 — 2025-12-31 23:56:24. Пиковые часы: 11:00 (89); 06:00 (88); 04:00 (86); 17:00 (82); 15:00 (79). Аномальное время работы (ночь/поздний вечер): 04:00 (86). Запуск ПО: C:\\Windows\\System32\\svchost.exe (379); - (232); C:\\Windows\\System32\\SearchIndexer.exe (210); C:\\Windows\\System32\\services.exe (154); Advapi (148). События/ID: Microsoft-Windows-Security-Auditing (1498); 4688 (933); A new process has been created. (933); 4662 (312); An operation was performed on an object. (312). Сетевые адреса/сайты: 10.50.35.32 (1477); 10.50.11.34 (21).,,1498,2025-12-31 00:00:21 — 2025-12-31 23:56:24,11:00 (89); 06:00 (88); 04:00 (86); 17:00 (82); 15:00 (79),C:\\Windows\\System32\\svchost.exe (379); - (232); C:\\Windows\\System32\\SearchIndexer.exe (210); C:\\Windows\\System32\\services.exe (154); Advapi (148),Microsoft-Windows-Security-Auditing (1498); 4688 (933); A new process has been created. (933); 4662 (312); An operation was performed on an object. (312),tmtp-000565$ (1843); - (819); user046 (174); user036 (136); user035 (24),,10.50.35.32 (1477); 10.50.11.34 (21),tmtp-000565_SIEM_2025-12-31.csv
host,tmtp-000224,2025-12-31,medium,"События: 2571. Диапазон времени: 2025-12-31 00:00:03 — 2025-12-31 23:51:29. Пиковые часы: 14:00 (608); 00:00 (520); 11:00 (132); 21:00 (125); 16:00 (122). Аномальное время работы (ночь/поздний вечер): 00:00 (520). Запуск ПО: C:\\Windows\\System32\\svchost.exe (586); \\??\\C:\\WINDOWS\\system32\\conhost.exe 0xffffffff -ForceV1 (288); C:\\Windows\\System32\\wbem\\WmiPrvSE.exe (239); C:\\Windows\\Microsoft.NET\\Framework64\\v4.0.30319\\ngentask.exe (235); ""C:\\WINDOWS\\system32\\Powercfg.exe"" -srumutil /output C:\\WINDOWS\\CCM\\SensorFramework\\srum_1381252E-F5F1-43D0-B9E3-2D2A636A08DB.csv (233). События/ID: Microsoft-Windows-Security-Auditing (2571); 4688 (2038); A new process has been created. (2037); 4662 (322); An operation was performed on an object. (322). Сетевые адреса/сайты: 10.50.21.38 (2522); 10.50.11.34 (26); 10.50.11.6 (12); 10.50.11.133 (6); 10.50.11.20 (5).",,2571,2025-12-31 00:00:03 — 2025-12-31 23:51:29,14:00 (608); 00:00 (520); 11:00 (132); 21:00 (125); 16:00 (122),"C:\\Windows\\System32\\svchost.exe (586); \\??\\C:\\WINDOWS\\system32\\conhost.exe 0xffffffff -ForceV1 (288); C:\\Windows\\System32\\wbem\\WmiPrvSE.exe (239); C:\\Windows\\Microsoft.NET\\Framework64\\v4.0.30319\\ngentask.exe (235); ""C:\\WINDOWS\\system32\\Powercfg.exe"" -srumutil /output C:\\WINDOWS\\CCM\\SensorFramework\\srum_1381252E-F5F1-43D0-B9E3-2D2A636A08DB.csv (233)",Microsoft-Windows-Security-Auditing (2571); 4688 (2038); A new process has been created. (2037); 4662 (322); An operation was performed on an object. (322),tmtp-000224$ (2920); - (1772); user040 (340); user036 (66); user035 (24),,10.50.21.38 (2522); 10.50.11.34 (26); 10.50.11.6 (12); 10.50.11.133 (6); 10.50.11.20 (5),tmtp-000224_SIEM_2025-12-31.csv
host,tmtp-000833,2025-12-31,medium,"События: 17194. Диапазон времени: 2025-12-31 00:00:32 — 2025-12-31 23:59:44. Пиковые часы: 13:00 (746); 14:00 (746); 10:00 (744); 11:00 (742); 07:00 (731). Запуск ПО: C:\\Windows\\System32\\cmd.exe (8472); \\??\\C:\\WINDOWS\\system32\\conhost.exe 0xffffffff -ForceV1 (4261); C:\\Program Files\\Zabbix Agent 2\\zabbix_agent2.exe (4224); powershell  -Command ""& { $result=@(); $sessions=query session 2>&1; if(!$sessions) { $sessions=query user 2>&1 }; if($sessions) { $lines=$sessions -split \\""`r`n\\""; foreach($line in $lines) { if($line -match 'rdp-tcp|console') { if($line -match '(>?)(rdp-tcp#\\d+|console)\\s+(\\S+)\\s+\\d+\\s+(\\S+)') { $sessionName=$matches[2]; $username=$matches[3]; $state=$matches[4]; if($sessionName -match 'rdp') { $type='R:' } else { $type='L:' }; if($state -eq 'Активно') { $result+=\\""$type$username\\"" } } } } }; if($result.Count -eq 0) { $lastUser=(Get-ItemProperty 'HKLM:\\\\SOFTWARE\\\\Microsoft\\\\Windows\\\\CurrentVersion\\\\Authentication\\\\LogonUI' -Name LastLoggedOnUser -ErrorAction SilentlyContinue).LastLoggedOnUser; if($lastUser) { $lastUser } else { 'No sessions' } } else { $result -join ', ' } }"" (1462); ""C:\\WINDOWS\\system32\\qwinsta.exe"" (1452). События/ID: Microsoft-Windows-Security-Auditing (17194); 4688 (16710); A new process has been created. (16674); An operation was performed on an object. (268); 4662 (268). Сетевые адреса/сайты: 10.50.30.77 (17169); 10.50.11.34 (25).",,17194,2025-12-31 00:00:32 — 2025-12-31 23:59:44,13:00 (746); 14:00 (746); 10:00 (744); 11:00 (742); 07:00 (731),"C:\\Windows\\System32\\cmd.exe (8472); \\??\\C:\\WINDOWS\\system32\\conhost.exe 0xffffffff -ForceV1 (4261); C:\\Program Files\\Zabbix Agent 2\\zabbix_agent2.exe (4224); powershell  -Command ""& { $result=@(); $sessions=query session 2>&1; if(!$sessions) { $sessions=query user 2>&1 }; if($sessions) { $lines=$sessions -split \\""`r`n\\""; foreach($line in $lines) { if($line -match 'rdp-tcp|console') { if($line -match '(>?)(rdp-tcp#\\d+|console)\\s+(\\S+)\\s+\\d+\\s+(\\S+)') { $sessionName=$matches[2]; $username=$matches[3]; $state=$matches[4]; if($sessionName -match 'rdp') { $type='R:' } else { $type='L:' }; if($state -eq 'Активно') { $result+=\\""$type$username\\"" } } } } }; if($result.Count -eq 0) { $lastUser=(Get-ItemProperty 'HKLM:\\\\SOFTWARE\\\\Microsoft\\\\Windows\\\\CurrentVersion\\\\Authentication\\\\LogonUI' -Name LastLoggedOnUser -ErrorAction SilentlyContinue).LastLoggedOnUser; if($lastUser) { $lastUser } else { 'No sessions' } } else { $result -join ', ' } }"" (1462); ""C:\\WINDOWS\\system32\\qwinsta.exe"" (1452)",Microsoft-Windows-Security-Auditing (17194); 4688 (16710); A new process has been created. (16674); An operation was performed on an object. (268); 4662 (268),tmtp-000833$ (17494); - (16542); user090 (233); user036 (95); user035 (24),,10.50.30.77 (17169); 10.50.11.34 (25),tmtp-000833_SIEM_2025-12-31.csv
host,cplus-010620,2025-12-31,medium,События: 4314. Диапазон времени: 2025-12-31 00:00:23 — 2025-12-31 23:59:59. Пиковые часы: 02:00 (207); 10:00 (205); 13:00 (203); 18:00 (201); 09:00 (196). Аномальное время работы (ночь/поздний вечер): 02:00 (207). Запуск ПО: Kerberos (2138); - (2138); NtLmSsp (25); KDC_ERR_NONE (12). События/ID: Microsoft-Windows-Security-Auditing (4314); 4624 (2163); An account was successfully logged on. (2163); 4634 (2139); An account was logged off. (2139). Сетевые адреса/сайты: 10.50.11.6 (4289); 10.50.11.34 (25).,,4314,2025-12-31 00:00:23 — 2025-12-31 23:59:59,02:00 (207); 10:00 (205); 13:00 (203); 18:00 (201); 09:00 (196),Kerberos (2138); - (2138); NtLmSsp (25); KDC_ERR_NONE (12),Microsoft-Windows-Security-Auditing (4314); 4624 (2163); An account was successfully logged on. (2163); 4634 (2139); An account was logged off. (2139),cplus-010620$ (4314); - (2163),,10.50.11.6 (4289); 10.50.11.34 (25),cplus-010620_SIEM_2025-12-31.csv
host,tmtp-000187,2025-12-31,medium,"События: 1645. Диапазон времени: 2025-12-31 00:00:27 — 2025-12-31 23:54:05. Пиковые часы: 00:00 (106); 13:00 (92); 01:00 (87); 04:00 (86); 22:00 (84). Аномальное время работы (ночь/поздний вечер): 00:00 (106); 01:00 (87); 04:00 (86); 22:00 (84). Запуск ПО: C:\\Windows\\System32\\svchost.exe (505); C:\\Windows\\System32\\SearchIndexer.exe (389); - (215); C:\\WINDOWS\\system32\\wbem\\wmiprvse.exe -Embedding (201); ""C:\\WINDOWS\\system32\\SearchFilterHost.exe"" 0 728 732 740 8192 736 (196). События/ID: Microsoft-Windows-Security-Auditing (1645); 4688 (1075); A new process has been created. (1075); 4662 (285); An operation was performed on an object. (285). Сетевые адреса/сайты: 10.50.30.112 (1530); 10.50.11.6 (88); 10.50.11.34 (24); 10.37.7.77 (3).",,1645,2025-12-31 00:00:27 — 2025-12-31 23:54:05,00:00 (106); 13:00 (92); 01:00 (87); 04:00 (86); 22:00 (84),"C:\\Windows\\System32\\svchost.exe (505); C:\\Windows\\System32\\SearchIndexer.exe (389); - (215); C:\\WINDOWS\\system32\\wbem\\wmiprvse.exe -Embedding (201); ""C:\\WINDOWS\\system32\\SearchFilterHost.exe"" 0 728 732 740 8192 736 (196)",Microsoft-Windows-Security-Auditing (1645); 4688 (1075); A new process has been created. (1075); 4662 (285); An operation was performed on an object. (285),tmtp-000187$ (1974); - (1033); user039 (157); user036 (56); user035 (24),,10.50.30.112 (1530); 10.50.11.6 (88); 10.50.11.34 (24); 10.37.7.77 (3),tmtp-000187_SIEM_2025-12-31.csv
host,tmtp-000282,2025-12-31,medium,События: 2793. Диапазон времени: 2025-12-31 00:00:32 — 2025-12-31 23:58:48. Пиковые часы: 00:00 (169); 04:00 (165); 10:00 (159); 18:00 (142); 08:00 (141). Аномальное время работы (ночь/поздний вечер): 00:00 (169); 04:00 (165). Запуск ПО: C:\\Windows\\System32\\svchost.exe (1033); C:\\Windows\\System32\\services.exe (531); - (512); Advapi (406); C:\\Windows\\system32\\wbem\\wmiprvse.exe -Embedding (202). События/ID: Microsoft-Windows-Security-Auditing (2793); 4688 (1912); A new process has been created. (1912); 4624 (538); An account was successfully logged on. (538). Сетевые адреса/сайты: 10.50.30.15 (2763); 10.50.11.34 (26); 10.37.7.77 (3); 10.50.11.31 (1).,,2793,2025-12-31 00:00:32 — 2025-12-31 23:58:48,00:00 (169); 04:00 (165); 10:00 (159); 18:00 (142); 08:00 (141),C:\\Windows\\System32\\svchost.exe (1033); C:\\Windows\\System32\\services.exe (531); - (512); Advapi (406); C:\\Windows\\system32\\wbem\\wmiprvse.exe -Embedding (202),Microsoft-Windows-Security-Auditing (2793); 4688 (1912); A new process has been created. (1912); 4624 (538); An account was successfully logged on. (538),tmtp-000282$ (3191); - (1396); user050 (575); user036 (394); user035 (24),,10.50.30.15 (2763); 10.50.11.34 (26); 10.37.7.77 (3); 10.50.11.31 (1),tmtp-000282_SIEM_2025-12-31.csv
host,tmtp-003146,2025-12-31,medium,События: 1407. Диапазон времени: 2025-12-31 00:00:08 — 2025-12-31 23:52:30. Пиковые часы: 11:00 (125); 04:00 (90); 14:00 (82); 16:00 (79); 13:00 (77). Аномальное время работы (ночь/поздний вечер): 04:00 (90). Запуск ПО: C:\\Windows\\System32\\svchost.exe (416); - (255); C:\\Windows\\system32\\wbem\\wmiprvse.exe -Embedding (218); C:\\Windows\\System32\\services.exe (214); Advapi (160). События/ID: Microsoft-Windows-Security-Auditing (1407); 4688 (817); A new process has been created. (817); 4662 (313); An operation was performed on an object. (313). Сетевые адреса/сайты: 10.50.33.18 (1380); 10.37.7.77 (15); 10.50.11.34 (12).,,1407,2025-12-31 00:00:08 — 2025-12-31 23:52:30,11:00 (125); 04:00 (90); 14:00 (82); 16:00 (79); 13:00 (77),C:\\Windows\\System32\\svchost.exe (416); - (255); C:\\Windows\\system32\\wbem\\wmiprvse.exe -Embedding (218); C:\\Windows\\System32\\services.exe (214); Advapi (160),Microsoft-Windows-Security-Auditing (1407); 4688 (817); A new process has been created. (817); 4662 (313); An operation was performed on an object. (313),tmtp-003146$ (1771); - (860); user036 (148); user035 (24); user002 (6),,10.50.33.18 (1380); 10.37.7.77 (15); 10.50.11.34 (12),tmtp-003146_SIEM_2025-12-31.csv
host,tmtp-003213,2025-12-31,medium,События: 30904. Диапазон времени: 2025-12-31 00:00:00 — 2025-12-31 23:59:37. Пиковые часы: 05:00 (1920); 12:00 (1542); 11:00 (1487); 20:00 (1398); 19:00 (1396). Аномальное время работы (ночь/поздний вечер): 05:00 (1920). Запуск ПО: C:\\Windows\\System32\\cmd.exe (8472); Trusted Zone (5330); \\??\\C:\\Windows\\system32\\conhost.exe 0xffffffff -ForceV1 (4272); C:\\Program Files\\Zabbix Agent 2\\zabbix_agent2.exe (4224); - (3616). События/ID: Microsoft-Windows-Security-Auditing (25561); 4688 (20187); A new process has been created. (20149); TRAFFIC (5265); end (5234). Сетевые адреса/сайты: 10.50.30.102 (21276); 10.50.11.20 (2020); 10.14.1.71 (1696); 10.14.1.72 (310); 130.193.50.30 (212).,,30904,2025-12-31 00:00:00 — 2025-12-31 23:59:37,05:00 (1920); 12:00 (1542); 11:00 (1487); 20:00 (1398); 19:00 (1396),C:\\Windows\\System32\\cmd.exe (8472); Trusted Zone (5330); \\??\\C:\\Windows\\system32\\conhost.exe 0xffffffff -ForceV1 (4272); C:\\Program Files\\Zabbix Agent 2\\zabbix_agent2.exe (4224); - (3616),Microsoft-Windows-Security-Auditing (25561); 4688 (20187); A new process has been created. (20149); TRAFFIC (5265); end (5234),tmtp-003213$ (21569); - (21040); user052 (12550); user036 (575); user035 (24),,10.50.30.102 (21276); 10.50.11.20 (2020); 10.14.1.71 (1696); 10.14.1.72 (310); 130.193.50.30 (212),tmtp-003213_SIEM_2025-12-31.csv; tmtp-003213_PAN_2025-12-31.csv
host,tmtp-003672,2025-12-31,medium,События: 1439. Диапазон времени: 2025-12-31 00:00:34 — 2025-12-31 23:47:38. Пиковые часы: 17:00 (111); 00:00 (105); 18:00 (98); 04:00 (92); 11:00 (85). Аномальное время работы (ночь/поздний вечер): 00:00 (105); 04:00 (92). Запуск ПО: C:\\Windows\\System32\\svchost.exe (413); - (267); C:\\Windows\\system32\\wbem\\wmiprvse.exe -Embedding (219); C:\\Windows\\System32\\services.exe (216); Advapi (159). События/ID: Microsoft-Windows-Security-Auditing (1439); 4688 (816); A new process has been created. (816); 4662 (327); An operation was performed on an object. (327). Сетевые адреса/сайты: 10.50.101.5 (1399); 10.37.7.77 (15); 10.50.11.34 (13); 10.50.11.6 (12).,,1439,2025-12-31 00:00:34 — 2025-12-31 23:47:38,17:00 (111); 00:00 (105); 18:00 (98); 04:00 (92); 11:00 (85),C:\\Windows\\System32\\svchost.exe (413); - (267); C:\\Windows\\system32\\wbem\\wmiprvse.exe -Embedding (219); C:\\Windows\\System32\\services.exe (216); Advapi (159),Microsoft-Windows-Security-Auditing (1439); 4688 (816); A new process has been created. (816); 4662 (327); An operation was performed on an object. (327),tmtp-003672$ (1823); - (868); user036 (147); user035 (24); user002 (5),,10.50.101.5 (1399); 10.37.7.77 (15); 10.50.11.34 (13); 10.50.11.6 (12),tmtp-003672_SIEM_2025-12-31.csv
host,tmtp-000247,2025-12-31,medium,"События: 11324. Диапазон времени: 2025-12-31 10:15:44 — 2025-12-31 23:59:45. Пиковые часы: 10:00 (1208); 18:00 (808); 11:00 (807); 22:00 (795); 14:00 (790). Аномальное время работы (ночь/поздний вечер): 22:00 (795). Запуск ПО: C:\\Windows\\System32\\cmd.exe (4849); \\??\\C:\\Windows\\system32\\conhost.exe 0xffffffff -ForceV1 (2494); C:\\Program Files\\Zabbix Agent 2\\zabbix_agent2.exe (2424); C:\\Windows\\System32\\svchost.exe (887); powershell  -Command ""& { $result=@(); $sessions=query session 2>&1; if(!$sessions) { $sessions=query user 2>&1 }; if($sessions) { $lines=$sessions -split \\""`r`n\\""; foreach($line in $lines) { if($line -match 'rdp-tcp|console') { if($line -match '(>?)(rdp-tcp#\\d+|console)\\s+(\\S+)\\s+\\d+\\s+(\\S+)') { $sessionName=$matches[2]; $username=$matches[3]; $state=$matches[4]; if($sessionName -match 'rdp') { $type='R:' } else { $type='L:' }; if($state -eq 'Активно') { $result+=\\""$type$username\\"" } } } } }; if($result.Count -eq 0) { $lastUser=(Get-ItemProperty 'HKLM:\\\\SOFTWARE\\\\Microsoft\\\\Windows\\\\CurrentVersion\\\\Authentication\\\\LogonUI' -Name LastLoggedOnUser -ErrorAction SilentlyContinue).LastLoggedOnUser; if($lastUser) { $lastUser } else { 'No sessions' } } else { $result -join ', ' } }"" (823). События/ID: Microsoft-Windows-Security-Auditing (11324); 4688 (10612); A new process has been created. (10612); 4624 (436); An account was successfully logged on. (436). Сетевые адреса/сайты: 10.50.32.7 (11292); 10.50.11.34 (20); 10.37.7.77 (9); 10.50.11.20 (2); 10.10.5.12 (1).",,11324,2025-12-31 10:15:44 — 2025-12-31 23:59:45,10:00 (1208); 18:00 (808); 11:00 (807); 22:00 (795); 14:00 (790),"C:\\Windows\\System32\\cmd.exe (4849); \\??\\C:\\Windows\\system32\\conhost.exe 0xffffffff -ForceV1 (2494); C:\\Program Files\\Zabbix Agent 2\\zabbix_agent2.exe (2424); C:\\Windows\\System32\\svchost.exe (887); powershell  -Command ""& { $result=@(); $sessions=query session 2>&1; if(!$sessions) { $sessions=query user 2>&1 }; if($sessions) { $lines=$sessions -split \\""`r`n\\""; foreach($line in $lines) { if($line -match 'rdp-tcp|console') { if($line -match '(>?)(rdp-tcp#\\d+|console)\\s+(\\S+)\\s+\\d+\\s+(\\S+)') { $sessionName=$matches[2]; $username=$matches[3]; $state=$matches[4]; if($sessionName -match 'rdp') { $type='R:' } else { $type='L:' }; if($state -eq 'Активно') { $result+=\\""$type$username\\"" } } } } }; if($result.Count -eq 0) { $lastUser=(Get-ItemProperty 'HKLM:\\\\SOFTWARE\\\\Microsoft\\\\Windows\\\\CurrentVersion\\\\Authentication\\\\LogonUI' -Name LastLoggedOnUser -ErrorAction SilentlyContinue).LastLoggedOnUser; if($lastUser) { $lastUser } else { 'No sessions' } } else { $result -join ', ' } }"" (823)",Microsoft-Windows-Security-Auditing (11324); 4688 (10612); A new process has been created. (10612); 4624 (436); An account was successfully logged on. (436),tmtp-000247$ (11643); - (10041); user075 (562); user036 (329); user002 (46),,10.50.32.7 (11292); 10.50.11.34 (20); 10.37.7.77 (9); 10.50.11.20 (2); 10.10.5.12 (1),tmtp-000247_SIEM_2025-12-31.csv
host,tmtp-000177,2025-12-31,medium,"События: 2507. Диапазон времени: 2025-12-31 00:00:02 — 2025-12-31 23:59:30. Пиковые часы: 00:00 (603); 11:00 (317); 14:00 (118); 16:00 (109); 13:00 (106). Аномальное время работы (ночь/поздний вечер): 00:00 (603). Запуск ПО: C:\\Windows\\System32\\svchost.exe (735); \\??\\C:\\WINDOWS\\system32\\conhost.exe 0xffffffff -ForceV1 (311); C:\\Windows\\System32\\wbem\\WmiPrvSE.exe (264); C:\\Windows\\System32\\powercfg.exe (264); ""C:\\WINDOWS\\system32\\Powercfg.exe"" -srumutil /output C:\\WINDOWS\\CCM\\SensorFramework\\srum_1381252E-F5F1-43D0-B9E3-2D2A636A08DB.csv (263). События/ID: Microsoft-Windows-Security-Auditing (2507); 4688 (1950); A new process has been created. (1950); 4662 (279); An operation was performed on an object. (279). Сетевые адреса/сайты: 10.50.39.11 (2480); 10.50.11.34 (24); 10.37.7.77 (3).",,2507,2025-12-31 00:00:02 — 2025-12-31 23:59:30,00:00 (603); 11:00 (317); 14:00 (118); 16:00 (109); 13:00 (106),"C:\\Windows\\System32\\svchost.exe (735); \\??\\C:\\WINDOWS\\system32\\conhost.exe 0xffffffff -ForceV1 (311); C:\\Windows\\System32\\wbem\\WmiPrvSE.exe (264); C:\\Windows\\System32\\powercfg.exe (264); ""C:\\WINDOWS\\system32\\Powercfg.exe"" -srumutil /output C:\\WINDOWS\\CCM\\SensorFramework\\srum_1381252E-F5F1-43D0-B9E3-2D2A636A08DB.csv (263)",Microsoft-Windows-Security-Auditing (2507); 4688 (1950); A new process has been created. (1950); 4662 (279); An operation was performed on an object. (279),tmtp-000177$ (2823); - (1726); user038 (294); user036 (143); user035 (24),,10.50.39.11 (2480); 10.50.11.34 (24); 10.37.7.77 (3),tmtp-000177_SIEM_2025-12-31.csv
host,tmtp-005278,2025-12-31,medium,События: 285. Диапазон времени: 2025-12-31 12:04:49 — 2025-12-31 23:58:22. Пиковые часы: 12:00 (50); 16:00 (41); 14:00 (31); 17:00 (26); 20:00 (23). Запуск ПО: - (268); Advapi (212); Kerberos (69); Negotiat (1); User32 (1). События/ID: Microsoft-Windows-Security-Auditing (285); 4624 (283); An account was successfully logged on. (283); An account was logged off. (1); Group membership information. (1). Сетевые адреса/сайты: 10.50.101.2 (267); 10.50.11.34 (15); 10.37.7.77 (3).,,285,2025-12-31 12:04:49 — 2025-12-31 23:58:22,12:00 (50); 16:00 (41); 14:00 (31); 17:00 (26); 20:00 (23),- (268); Advapi (212); Kerberos (69); Negotiat (1); User32 (1),Microsoft-Windows-Security-Auditing (285); 4624 (283); An account was successfully logged on. (283); An account was logged off. (1); Group membership information. (1),tmtp-005278$ (285); user036 (203); - (70); user035 (7); user056 (2),,10.50.101.2 (267); 10.50.11.34 (15); 10.37.7.77 (3),tmtp-005278_SIEM_2025-12-31.csv
