Timestamp,Name,DeviceProduct,DeviceVendor,DestinationAddress,DestinationUserName,SourceUserName,SourceProcessName,DeviceEventClassID,DeviceCustomString4,DeviceCustomString4Label,DeviceEventCategory,Date
2025-12-06 06:40:03,An account was successfully logged on.,Windows,Microsoft,10.14.1.72,user001,-,Kerberos,4624,-,Restricted admin mode,Microsoft-Windows-Security-Auditing,2025-12-06
2025-12-06 06:40:03,Group membership information.,Windows,Microsoft,10.14.1.72,user001,-,,4627,,,Microsoft-Windows-Security-Auditing,2025-12-06
2025-12-06 06:40:04,An account was logged off.,Windows,Microsoft,10.14.1.72,user001,,,4634,,,Microsoft-Windows-Security-Auditing,2025-12-06
2025-12-06 06:40:05,An account was logged off.,Windows,Microsoft,10.14.1.72,user001,,,4634,,,Microsoft-Windows-Security-Auditing,2025-12-06
2025-12-06 06:40:12,An account was logged off.,Windows,Microsoft,10.14.1.71,user001,,,4634,,,Microsoft-Windows-Security-Auditing,2025-12-06
2025-12-06 06:40:30,An account was logged off.,Windows,Microsoft,10.14.1.71,user001,,,4634,,,Microsoft-Windows-Security-Auditing,2025-12-06
2025-12-06 06:40:54,A new process has been created.,Windows,Microsoft,10.50.101.5,user001,tmtp-003672$,C:\\Windows\\System32\\svchost.exe,4688,C:\\Windows\\System32\\RuntimeBroker.exe -Embedding,Command Line,Microsoft-Windows-Security-Auditing,2025-12-06
2025-12-06 06:40:54,A new process has been created.,Windows,Microsoft,10.50.101.5,user001,tmtp-003672$,C:\\Windows\\System32\\svchost.exe,4688,C:\\Windows\\system32\\BackgroundTaskHost.exe -ServerName:BackgroundTaskHost.WebAccountProvider,Command Line,Microsoft-Windows-Security-Auditing,2025-12-06
2025-12-06 06:40:57,Group membership information.,Windows,Microsoft,10.14.1.72,user001,-,,4627,,,Microsoft-Windows-Security-Auditing,2025-12-06
2025-12-06 06:40:57,An account was successfully logged on.,Windows,Microsoft,10.14.1.72,user001,-,Kerberos,4624,-,Restricted admin mode,Microsoft-Windows-Security-Auditing,2025-12-06
2025-12-06 06:41:47,A new process has been created.,Windows,Microsoft,10.50.101.5,user001,tmtp-003672$,C:\\Windows\\System32\\svchost.exe,4688,C:\\Program Files (x86)\\Common Files\\Adobe\\ARM\\1.0\\AdobeARM.exe,Command Line,Microsoft-Windows-Security-Auditing,2025-12-06
2025-12-06 06:42:03,An account was successfully logged on.,Windows,Microsoft,10.14.1.72,user001,-,Kerberos,4624,-,Restricted admin mode,Microsoft-Windows-Security-Auditing,2025-12-06
2025-12-06 06:42:03,Group membership information.,Windows,Microsoft,10.14.1.72,user001,-,,4627,,,Microsoft-Windows-Security-Auditing,2025-12-06
2025-12-06 06:42:07,An account was logged off.,Windows,Microsoft,10.14.1.72,user001,,,4634,,,Microsoft-Windows-Security-Auditing,2025-12-06
2025-12-06 06:43:01,An account was logged off.,Windows,Microsoft,10.14.1.72,user001,,,4634,,,Microsoft-Windows-Security-Auditing,2025-12-06
2025-12-06 06:43:22,A new process has been created.,Windows,Microsoft,10.50.101.5,user001,tmtp-003672$,C:\\Windows\\System32\\svchost.exe,4688,C:\\Users\\A.Avakian\\AppData\\Local\\Microsoft\\OneDrive\\25.209.1026.0002\\FileCoAuth.exe -Embedding,Command Line,Microsoft-Windows-Security-Auditing,2025-12-06
2025-12-06 06:43:31,An account was logged off.,Windows,Microsoft,10.14.1.72,user001,,,4634,,,Microsoft-Windows-Security-Auditing,2025-12-06
2025-12-06 06:44:53,A new process has been created.,Windows,Microsoft,10.50.101.5,user001,tmtp-003672$,C:\\Windows\\System32\\svchost.exe,4688,C:\\Windows\\system32\\backgroundTaskHost.exe -ServerName:App.AppXfkd8mejksk4ancwf4vtyhmkvtzn1jcbs.mca,Command Line,Microsoft-Windows-Security-Auditing,2025-12-06
2025-12-06 06:44:53,A new process has been created.,Windows,Microsoft,10.50.101.5,user001,tmtp-003672$,C:\\Windows\\System32\\backgroundTaskHost.exe,4688,C:\\Windows\\system32\\backgroundTaskHost.exe -ServerName:App.AppXfkd8mejksk4ancwf4vtyhmkvtzn1jcbs.mca,Command Line,Microsoft-Windows-Security-Auditing,2025-12-06
2025-12-06 06:44:53,A new process has been created.,Windows,Microsoft,10.50.101.5,user001,tmtp-003672$,C:\\Windows\\System32\\backgroundTaskHost.exe,4688,C:\\Windows\\system32\\WerFault.exe -u -p 51456 -s 1304,Command Line,Microsoft-Windows-Security-Auditing,2025-12-06
2025-12-06 06:44:53,A new process has been created.,Windows,Microsoft,10.50.101.5,user001,tmtp-003672$,C:\\Windows\\System32\\svchost.exe,4688,C:\\Program Files\\WindowsApps\\Microsoft.YourPhone_1.23012.167.0_x64__8wekyb3d8bbwe\\PhoneExperienceHost.exe -ComServer:Background -Embedding,Command Line,Microsoft-Windows-Security-Auditing,2025-12-06
2025-12-06 06:46:24,A new process has been created.,Windows,Microsoft,10.50.101.5,user001,tmtp-003672$,C:\\Windows\\System32\\svchost.exe,4688,C:\\Windows\\system32\\backgroundTaskHost.exe -ServerName:App.AppXass2jm06pp1n7aktd4dcj305y31qrc54.mca,Command Line,Microsoft-Windows-Security-Auditing,2025-12-06
2025-12-06 06:46:25,A new process has been created.,Windows,Microsoft,10.50.101.5,user001,tmtp-003672$,C:\\Windows\\System32\\svchost.exe,4688,C:\\Windows\\system32\\backgroundTaskHost.exe -ServerName:Global.DesktopSpotlight.AppXz2j21w56bgxkgsjhtn7zkjsepq96erz2.mca,Command Line,Microsoft-Windows-Security-Auditing,2025-12-06
2025-12-06 06:46:25,A new process has been created.,Windows,Microsoft,10.50.101.5,user001,tmtp-003672$,C:\\Windows\\System32\\svchost.exe,4688,C:\\Windows\\System32\\RuntimeBroker.exe -Embedding,Command Line,Microsoft-Windows-Security-Auditing,2025-12-06
2025-12-06 06:46:25,A new process has been created.,Windows,Microsoft,10.50.101.5,user001,tmtp-003672$,C:\\Windows\\System32\\svchost.exe,4688,C:\\Windows\\System32\\RuntimeBroker.exe -Embedding,Command Line,Microsoft-Windows-Security-Auditing,2025-12-06
2025-12-06 06:46:36,Group membership information.,Windows,Microsoft,10.14.1.71,user001,-,,4627,,,Microsoft-Windows-Security-Auditing,2025-12-06
2025-12-06 06:46:36,An account was successfully logged on.,Windows,Microsoft,10.14.1.71,user001,-,Kerberos,4624,-,Restricted admin mode,Microsoft-Windows-Security-Auditing,2025-12-06
2025-12-06 06:46:36,An account was successfully logged on.,Windows,Microsoft,10.14.1.71,user001,-,Kerberos,4624,-,Restricted admin mode,Microsoft-Windows-Security-Auditing,2025-12-06
2025-12-06 06:46:36,Group membership information.,Windows,Microsoft,10.14.1.71,user001,-,,4627,,,Microsoft-Windows-Security-Auditing,2025-12-06
2025-12-06 06:46:37,An account was successfully logged on.,Windows,Microsoft,10.50.11.50,user001,-,NtLmSsp,4624,-,Restricted admin mode,Microsoft-Windows-Security-Auditing,2025-12-06
2025-12-06 06:47:26,Group membership information.,Windows,Microsoft,10.14.1.72,user001,-,,4627,,,Microsoft-Windows-Security-Auditing,2025-12-06
2025-12-06 06:47:26,Group membership information.,Windows,Microsoft,10.14.1.72,user001,-,,4627,,,Microsoft-Windows-Security-Auditing,2025-12-06
2025-12-06 06:47:26,An account was successfully logged on.,Windows,Microsoft,10.14.1.72,user001,-,Kerberos,4624,-,Restricted admin mode,Microsoft-Windows-Security-Auditing,2025-12-06
2025-12-06 06:47:26,An account was successfully logged on.,Windows,Microsoft,10.14.1.72,user001,-,Kerberos,4624,-,Restricted admin mode,Microsoft-Windows-Security-Auditing,2025-12-06
2025-12-06 06:47:47,An account was logged off.,Windows,Microsoft,10.14.1.71,user001,,,4634,,,Microsoft-Windows-Security-Auditing,2025-12-06
2025-12-06 06:48:42,An account was logged off.,Windows,Microsoft,10.14.1.71,user001,,,4634,,,Microsoft-Windows-Security-Auditing,2025-12-06
2025-12-06 06:49:14,An account was logged off.,Windows,Microsoft,10.14.1.72,user001,,,4634,,,Microsoft-Windows-Security-Auditing,2025-12-06
2025-12-06 06:49:15,An account was logged off.,Windows,Microsoft,10.14.1.72,user001,,,4634,,,Microsoft-Windows-Security-Auditing,2025-12-06
2025-12-06 06:50:28,An account was successfully logged on.,Windows,Microsoft,10.14.1.72,user001,-,Kerberos,4624,-,Restricted admin mode,Microsoft-Windows-Security-Auditing,2025-12-06
2025-12-06 06:50:28,Group membership information.,Windows,Microsoft,10.14.1.72,user001,-,,4627,,,Microsoft-Windows-Security-Auditing,2025-12-06
2025-12-06 06:52:16,An account was logged off.,Windows,Microsoft,10.14.1.72,user001,,,4634,,,Microsoft-Windows-Security-Auditing,2025-12-06
2025-12-06 06:53:18,Group membership information.,Windows,Microsoft,10.14.1.72,user001,-,,4627,,,Microsoft-Windows-Security-Auditing,2025-12-06
2025-12-06 06:53:18,An account was successfully logged on.,Windows,Microsoft,10.14.1.72,user001,-,Kerberos,4624,-,Restricted admin mode,Microsoft-Windows-Security-Auditing,2025-12-06
2025-12-06 06:53:22,A new process has been created.,Windows,Microsoft,10.50.101.5,user001,tmtp-003672$,C:\\Windows\\System32\\svchost.exe,4688,C:\\Users\\A.Avakian\\AppData\\Local\\Microsoft\\OneDrive\\25.209.1026.0002\\FileCoAuth.exe -Embedding,Command Line,Microsoft-Windows-Security-Auditing,2025-12-06
2025-12-06 06:54:10,An account was successfully logged on.,Windows,Microsoft,10.14.1.71,user001,-,Kerberos,4624,-,Restricted admin mode,Microsoft-Windows-Security-Auditing,2025-12-06
2025-12-06 06:54:10,An account was successfully logged on.,Windows,Microsoft,10.14.1.71,user001,-,Kerberos,4624,-,Restricted admin mode,Microsoft-Windows-Security-Auditing,2025-12-06
2025-12-06 06:54:10,Group membership information.,Windows,Microsoft,10.14.1.71,user001,-,,4627,,,Microsoft-Windows-Security-Auditing,2025-12-06
2025-12-06 06:54:10,Group membership information.,Windows,Microsoft,10.14.1.71,user001,-,,4627,,,Microsoft-Windows-Security-Auditing,2025-12-06
2025-12-06 06:54:31,An account was logged off.,Windows,Microsoft,10.14.1.72,user001,,,4634,,,Microsoft-Windows-Security-Auditing,2025-12-06
2025-12-06 06:54:35,A new process has been created.,Windows,Microsoft,10.50.101.5,user001,tmtp-003672$,C:\\Windows\\System32\\svchost.exe,4688,C:\\Windows\\System32\\RuntimeBroker.exe -Embedding,Command Line,Microsoft-Windows-Security-Auditing,2025-12-06
2025-12-06 06:54:35,A new process has been created.,Windows,Microsoft,10.50.101.5,user001,tmtp-003672$,C:\\Windows\\System32\\svchost.exe,4688,C:\\Windows\\system32\\BackgroundTaskHost.exe -ServerName:BackgroundTaskHost.WebAccountProvider,Command Line,Microsoft-Windows-Security-Auditing,2025-12-06
2025-12-06 06:54:35,A new process has been created.,Windows,Microsoft,10.50.101.5,user001,tmtp-003672$,C:\\Windows\\System32\\svchost.exe,4688,C:\\Windows\\system32\\BackgroundTaskHost.exe -ServerName:BackgroundTaskHost.WebAccountProvider,Command Line,Microsoft-Windows-Security-Auditing,2025-12-06
2025-12-06 06:55:50,An account was successfully logged on.,Windows,Microsoft,10.14.1.72,user001,-,Kerberos,4624,-,Restricted admin mode,Microsoft-Windows-Security-Auditing,2025-12-06
2025-12-06 06:55:50,Group membership information.,Windows,Microsoft,10.14.1.72,user001,-,,4627,,,Microsoft-Windows-Security-Auditing,2025-12-06
2025-12-06 06:55:50,An account was successfully logged on.,Windows,Microsoft,10.14.1.72,user001,-,Kerberos,4624,-,Restricted admin mode,Microsoft-Windows-Security-Auditing,2025-12-06
2025-12-06 06:55:50,Group membership information.,Windows,Microsoft,10.14.1.72,user001,-,,4627,,,Microsoft-Windows-Security-Auditing,2025-12-06
2025-12-06 06:56:12,An account was successfully logged on.,Windows,Microsoft,10.14.1.72,user001,-,Kerberos,4624,-,Restricted admin mode,Microsoft-Windows-Security-Auditing,2025-12-06
2025-12-06 06:56:12,Group membership information.,Windows,Microsoft,10.14.1.72,user001,-,,4627,,,Microsoft-Windows-Security-Auditing,2025-12-06
2025-12-06 06:56:13,An account was logged off.,Windows,Microsoft,10.14.1.72,user001,,,4634,,,Microsoft-Windows-Security-Auditing,2025-12-06
2025-12-06 06:56:14,An account was logged off.,Windows,Microsoft,10.14.1.71,user001,,,4634,,,Microsoft-Windows-Security-Auditing,2025-12-06
2025-12-06 06:56:14,An account was logged off.,Windows,Microsoft,10.14.1.71,user001,,,4634,,,Microsoft-Windows-Security-Auditing,2025-12-06
2025-12-06 06:57:53,An account was logged off.,Windows,Microsoft,10.14.1.72,user001,,,4634,,,Microsoft-Windows-Security-Auditing,2025-12-06
2025-12-06 06:57:56,An account was successfully logged on.,Windows,Microsoft,10.14.1.72,user001,-,Kerberos,4624,-,Restricted admin mode,Microsoft-Windows-Security-Auditing,2025-12-06
2025-12-06 06:57:56,Group membership information.,Windows,Microsoft,10.14.1.72,user001,-,,4627,,,Microsoft-Windows-Security-Auditing,2025-12-06
2025-12-06 06:57:56,An account was logged off.,Windows,Microsoft,10.14.1.72,user001,,,4634,,,Microsoft-Windows-Security-Auditing,2025-12-06
2025-12-06 06:57:56,An account was logged off.,Windows,Microsoft,10.14.1.72,user001,,,4634,,,Microsoft-Windows-Security-Auditing,2025-12-06
2025-12-06 06:59:33,Group membership information.,Windows,Microsoft,10.14.1.71,user001,-,,4627,,,Microsoft-Windows-Security-Auditing,2025-12-06
2025-12-06 06:59:33,An account was successfully logged on.,Windows,Microsoft,10.14.1.71,user001,-,Kerberos,4624,-,Restricted admin mode,Microsoft-Windows-Security-Auditing,2025-12-06
2025-12-06 07:00:36,An account was logged off.,Windows,Microsoft,10.14.1.71,user001,,,4634,,,Microsoft-Windows-Security-Auditing,2025-12-06
2025-12-06 07:01:35,A new process has been created.,Windows,Microsoft,10.50.101.5,user001,tmtp-003672$,C:\\Windows\\System32\\svchost.exe,4688,C:\\Windows\\system32\\backgroundTaskHost.exe -ServerName:Global.DesktopSpotlight.AppXz2j21w56bgxkgsjhtn7zkjsepq96erz2.mca,Command Line,Microsoft-Windows-Security-Auditing,2025-12-06
2025-12-06 07:01:35,A new process has been created.,Windows,Microsoft,10.50.101.5,user001,tmtp-003672$,C:\\Windows\\System32\\svchost.exe,4688,C:\\Windows\\System32\\RuntimeBroker.exe -Embedding,Command Line,Microsoft-Windows-Security-Auditing,2025-12-06
2025-12-06 07:02:16,An account was successfully logged on.,Windows,Microsoft,10.14.1.71,user001,-,Kerberos,4624,-,Restricted admin mode,Microsoft-Windows-Security-Auditing,2025-12-06
2025-12-06 07:02:16,An account was successfully logged on.,Windows,Microsoft,10.14.1.71,user001,-,Kerberos,4624,-,Restricted admin mode,Microsoft-Windows-Security-Auditing,2025-12-06
2025-12-06 07:02:16,Group membership information.,Windows,Microsoft,10.14.1.71,user001,-,,4627,,,Microsoft-Windows-Security-Auditing,2025-12-06
2025-12-06 07:02:16,Group membership information.,Windows,Microsoft,10.14.1.71,user001,-,,4627,,,Microsoft-Windows-Security-Auditing,2025-12-06
2025-12-06 07:03:22,A new process has been created.,Windows,Microsoft,10.50.101.5,user001,tmtp-003672$,C:\\Windows\\System32\\svchost.exe,4688,C:\\Users\\A.Avakian\\AppData\\Local\\Microsoft\\OneDrive\\25.209.1026.0002\\FileCoAuth.exe -Embedding,Command Line,Microsoft-Windows-Security-Auditing,2025-12-06
2025-12-06 07:03:55,Group membership information.,Windows,Microsoft,10.14.1.72,user001,-,,4627,,,Microsoft-Windows-Security-Auditing,2025-12-06
2025-12-06 07:03:55,An account was successfully logged on.,Windows,Microsoft,10.14.1.72,user001,-,Kerberos,4624,-,Restricted admin mode,Microsoft-Windows-Security-Auditing,2025-12-06
2025-12-06 07:03:55,Group membership information.,Windows,Microsoft,10.14.1.72,user001,-,,4627,,,Microsoft-Windows-Security-Auditing,2025-12-06
2025-12-06 07:03:55,An account was successfully logged on.,Windows,Microsoft,10.14.1.72,user001,-,Kerberos,4624,-,Restricted admin mode,Microsoft-Windows-Security-Auditing,2025-12-06
2025-12-06 07:04:01,An account was logged off.,Windows,Microsoft,10.14.1.71,user001,,,4634,,,Microsoft-Windows-Security-Auditing,2025-12-06
2025-12-06 07:04:16,,,,10.14.1.72,,user001,,,,,,2025-12-06
2025-12-06 07:04:16,,,,10.14.1.72,,user001,,,,,,2025-12-06
2025-12-06 07:04:16,,,,10.14.1.72,,user001,,,,,,2025-12-06
2025-12-06 07:04:18,An account was logged off.,Windows,Microsoft,10.14.1.71,user001,,,4634,,,Microsoft-Windows-Security-Auditing,2025-12-06
2025-12-06 07:04:24,,,,10.10.7.21,,uclh%5Ca.avakian%40uclh.ru,,,Outlook-iOS-Android/1.0,User-Agent,,2025-12-06
2025-12-06 07:04:24,,,,10.10.7.21,,uclh%5Ca.avakian%40uclh.ru,,,Outlook-iOS-Android/1.0,User-Agent,,2025-12-06
2025-12-06 07:04:24,,,,10.10.7.21,,uclh%5Ca.avakian%40uclh.ru,,,Outlook-iOS-Android/1.0,User-Agent,,2025-12-06
2025-12-06 07:04:33,An account was successfully logged on.,Windows,Microsoft,10.14.1.72,user001,-,Kerberos,4624,-,Restricted admin mode,Microsoft-Windows-Security-Auditing,2025-12-06
2025-12-06 07:04:33,Group membership information.,Windows,Microsoft,10.14.1.72,user001,-,,4627,,,Microsoft-Windows-Security-Auditing,2025-12-06
2025-12-06 07:04:42,A new process has been created.,Windows,Microsoft,10.50.101.5,user001,tmtp-003672$,C:\\Windows\\System32\\svchost.exe,4688,C:\\Windows\\System32\\RuntimeBroker.exe -Embedding,Command Line,Microsoft-Windows-Security-Auditing,2025-12-06
2025-12-06 07:04:42,A new process has been created.,Windows,Microsoft,10.50.101.5,user001,tmtp-003672$,C:\\Windows\\System32\\svchost.exe,4688,C:\\Windows\\system32\\BackgroundTaskHost.exe -ServerName:BackgroundTaskHost.WebAccountProvider,Command Line,Microsoft-Windows-Security-Auditing,2025-12-06
2025-12-06 07:05:45,An account was logged off.,Windows,Microsoft,10.14.1.72,user001,,,4634,,,Microsoft-Windows-Security-Auditing,2025-12-06
2025-12-06 07:05:45,An account was logged off.,Windows,Microsoft,10.14.1.72,user001,,,4634,,,Microsoft-Windows-Security-Auditing,2025-12-06
2025-12-06 07:06:37,An account was logged off.,Windows,Microsoft,10.14.1.72,user001,,,4634,,,Microsoft-Windows-Security-Auditing,2025-12-06
2025-12-06 07:06:54,An account was logged off.,Windows,Microsoft,10.14.1.71,user001,,,4634,,,Microsoft-Windows-Security-Auditing,2025-12-06
2025-12-06 07:07:03,Group membership information.,Windows,Microsoft,10.14.1.71,user001,-,,4627,,,Microsoft-Windows-Security-Auditing,2025-12-06
2025-12-06 07:07:03,An account was successfully logged on.,Windows,Microsoft,10.14.1.71,user001,-,Kerberos,4624,-,Restricted admin mode,Microsoft-Windows-Security-Auditing,2025-12-06
2025-12-06 07:08:14,Group membership information.,Windows,Microsoft,10.14.1.72,user001,-,,4627,,,Microsoft-Windows-Security-Auditing,2025-12-06
2025-12-06 07:08:14,An account was successfully logged on.,Windows,Microsoft,10.14.1.72,user001,-,Kerberos,4624,-,Restricted admin mode,Microsoft-Windows-Security-Auditing,2025-12-06
2025-12-06 07:08:27,An account was successfully logged on.,Windows,Microsoft,10.50.11.35,user001,-,Kerberos,4624,-,Restricted admin mode,Microsoft-Windows-Security-Auditing,2025-12-06
2025-12-06 07:09:42,A new process has been created.,Windows,Microsoft,10.50.101.5,user001,tmtp-003672$,C:\\Windows\\System32\\svchost.exe,4688,C:\\Windows\\system32\\BackgroundTaskHost.exe -ServerName:BackgroundTaskHost.WebAccountProvider,Command Line,Microsoft-Windows-Security-Auditing,2025-12-06
2025-12-06 07:09:42,A new process has been created.,Windows,Microsoft,10.50.101.5,user001,tmtp-003672$,C:\\Windows\\System32\\svchost.exe,4688,C:\\Windows\\System32\\RuntimeBroker.exe -Embedding,Command Line,Microsoft-Windows-Security-Auditing,2025-12-06
2025-12-06 07:09:42,A new process has been created.,Windows,Microsoft,10.50.101.5,user001,tmtp-003672$,C:\\Windows\\System32\\svchost.exe,4688,C:\\Windows\\system32\\BackgroundTaskHost.exe -ServerName:BackgroundTaskHost.WebAccountProvider,Command Line,Microsoft-Windows-Security-Auditing,2025-12-06
2025-12-06 07:09:47,An account was successfully logged on.,Windows,Microsoft,10.14.1.71,user001,-,Kerberos,4624,-,Restricted admin mode,Microsoft-Windows-Security-Auditing,2025-12-06
2025-12-06 07:09:47,An account was successfully logged on.,Windows,Microsoft,10.14.1.71,user001,-,Kerberos,4624,-,Restricted admin mode,Microsoft-Windows-Security-Auditing,2025-12-06
2025-12-06 07:09:47,Group membership information.,Windows,Microsoft,10.14.1.71,user001,-,,4627,,,Microsoft-Windows-Security-Auditing,2025-12-06
2025-12-06 07:09:47,Group membership information.,Windows,Microsoft,10.14.1.71,user001,-,,4627,,,Microsoft-Windows-Security-Auditing,2025-12-06
2025-12-06 07:10:22,An account was logged off.,Windows,Microsoft,10.14.1.72,user001,,,4634,,,Microsoft-Windows-Security-Auditing,2025-12-06
2025-12-06 07:10:55,An account was logged off.,Windows,Microsoft,10.14.1.71,user001,,,4634,,,Microsoft-Windows-Security-Auditing,2025-12-06
2025-12-06 07:10:55,An account was successfully logged on.,Windows,Microsoft,10.14.1.71,user001,-,Kerberos,4624,-,Restricted admin mode,Microsoft-Windows-Security-Auditing,2025-12-06
2025-12-06 07:10:55,Group membership information.,Windows,Microsoft,10.14.1.71,user001,-,,4627,,,Microsoft-Windows-Security-Auditing,2025-12-06
2025-12-06 07:11:21,An account was logged off.,Windows,Microsoft,10.14.1.71,user001,,,4634,,,Microsoft-Windows-Security-Auditing,2025-12-06
2025-12-06 07:11:39,An account was logged off.,Windows,Microsoft,10.14.1.71,user001,,,4634,,,Microsoft-Windows-Security-Auditing,2025-12-06
2025-12-06 07:11:43,An account was successfully logged on.,Windows,Microsoft,10.14.1.72,user001,-,Kerberos,4624,-,Restricted admin mode,Microsoft-Windows-Security-Auditing,2025-12-06
2025-12-06 07:11:43,An account was successfully logged on.,Windows,Microsoft,10.14.1.72,user001,-,Kerberos,4624,-,Restricted admin mode,Microsoft-Windows-Security-Auditing,2025-12-06
2025-12-06 07:11:43,Group membership information.,Windows,Microsoft,10.14.1.72,user001,-,,4627,,,Microsoft-Windows-Security-Auditing,2025-12-06
2025-12-06 07:11:43,Group membership information.,Windows,Microsoft,10.14.1.72,user001,-,,4627,,,Microsoft-Windows-Security-Auditing,2025-12-06
2025-12-06 07:13:04,An account was logged off.,Windows,Microsoft,10.14.1.72,user001,,,4634,,,Microsoft-Windows-Security-Auditing,2025-12-06
2025-12-06 07:13:05,An account was logged off.,Windows,Microsoft,10.14.1.72,user001,,,4634,,,Microsoft-Windows-Security-Auditing,2025-12-06
2025-12-06 07:13:24,A new process has been created.,Windows,Microsoft,10.50.101.5,user001,tmtp-003672$,C:\\Windows\\System32\\svchost.exe,4688,C:\\Users\\A.Avakian\\AppData\\Local\\Microsoft\\OneDrive\\25.209.1026.0002\\FileCoAuth.exe -Embedding,Command Line,Microsoft-Windows-Security-Auditing,2025-12-06
2025-12-06 07:15:48,An account was successfully logged on.,Windows,Microsoft,10.14.1.72,user001,-,Kerberos,4624,-,Restricted admin mode,Microsoft-Windows-Security-Auditing,2025-12-06
2025-12-06 07:15:48,Group membership information.,Windows,Microsoft,10.14.1.72,user001,-,,4627,,,Microsoft-Windows-Security-Auditing,2025-12-06
2025-12-06 07:15:53,An account was successfully logged on.,Windows,Microsoft,10.14.1.71,user001,-,Kerberos,4624,-,Restricted admin mode,Microsoft-Windows-Security-Auditing,2025-12-06
2025-12-06 07:15:53,An account was successfully logged on.,Windows,Microsoft,10.14.1.71,user001,-,Kerberos,4624,-,Restricted admin mode,Microsoft-Windows-Security-Auditing,2025-12-06
2025-12-06 07:15:53,Group membership information.,Windows,Microsoft,10.14.1.71,user001,-,,4627,,,Microsoft-Windows-Security-Auditing,2025-12-06
2025-12-06 07:15:53,Group membership information.,Windows,Microsoft,10.14.1.71,user001,-,,4627,,,Microsoft-Windows-Security-Auditing,2025-12-06
2025-12-06 07:16:36,A new process has been created.,Windows,Microsoft,10.50.101.5,user001,tmtp-003672$,C:\\Windows\\System32\\svchost.exe,4688,C:\\Windows\\System32\\RuntimeBroker.exe -Embedding,Command Line,Microsoft-Windows-Security-Auditing,2025-12-06
2025-12-06 07:16:36,A new process has been created.,Windows,Microsoft,10.50.101.5,user001,tmtp-003672$,C:\\Windows\\System32\\svchost.exe,4688,C:\\Windows\\system32\\backgroundTaskHost.exe -ServerName:Global.DesktopSpotlight.AppXz2j21w56bgxkgsjhtn7zkjsepq96erz2.mca,Command Line,Microsoft-Windows-Security-Auditing,2025-12-06
2025-12-06 07:16:38,An account was successfully logged on.,Windows,Microsoft,10.14.1.72,user001,-,Kerberos,4624,-,Restricted admin mode,Microsoft-Windows-Security-Auditing,2025-12-06
2025-12-06 07:16:38,An account was successfully logged on.,Windows,Microsoft,10.14.1.72,user001,-,Kerberos,4624,-,Restricted admin mode,Microsoft-Windows-Security-Auditing,2025-12-06
2025-12-06 07:16:38,Group membership information.,Windows,Microsoft,10.14.1.72,user001,-,,4627,,,Microsoft-Windows-Security-Auditing,2025-12-06
2025-12-06 07:16:38,Group membership information.,Windows,Microsoft,10.14.1.72,user001,-,,4627,,,Microsoft-Windows-Security-Auditing,2025-12-06
2025-12-06 07:17:10,An account was logged off.,Windows,Microsoft,10.14.1.71,user001,,,4634,,,Microsoft-Windows-Security-Auditing,2025-12-06
2025-12-06 07:17:17,An account was successfully logged on.,Windows,Microsoft,10.14.1.72,user001,-,Kerberos,4624,-,Restricted admin mode,Microsoft-Windows-Security-Auditing,2025-12-06
2025-12-06 07:17:17,An account was logged off.,Windows,Microsoft,10.14.1.72,user001,,,4634,,,Microsoft-Windows-Security-Auditing,2025-12-06
2025-12-06 07:17:17,Group membership information.,Windows,Microsoft,10.14.1.72,user001,-,,4627,,,Microsoft-Windows-Security-Auditing,2025-12-06
2025-12-06 07:17:55,An account was logged off.,Windows,Microsoft,10.14.1.71,user001,,,4634,,,Microsoft-Windows-Security-Auditing,2025-12-06
2025-12-06 07:18:21,An account was logged off.,Windows,Microsoft,10.14.1.72,user001,,,4634,,,Microsoft-Windows-Security-Auditing,2025-12-06
2025-12-06 07:18:35,An account was logged off.,Windows,Microsoft,10.14.1.72,user001,,,4634,,,Microsoft-Windows-Security-Auditing,2025-12-06
2025-12-06 07:18:36,An account was logged off.,Windows,Microsoft,10.14.1.72,user001,,,4634,,,Microsoft-Windows-Security-Auditing,2025-12-06
2025-12-06 07:19:07,,,,10.14.1.72,,user001,,,,,,2025-12-06
2025-12-06 07:19:07,,,,10.14.1.72,,user001,,,,,,2025-12-06
2025-12-06 07:19:13,,,,10.10.7.21,,uclh%5Ca.avakian%40uclh.ru,,,Outlook-iOS-Android/1.0,User-Agent,,2025-12-06
2025-12-06 07:19:13,,,,10.10.7.21,,uclh%5Ca.avakian%40uclh.ru,,,Outlook-iOS-Android/1.0,User-Agent,,2025-12-06
2025-12-06 07:19:13,,,,10.10.7.21,,uclh%5Ca.avakian%40uclh.ru,,,Outlook-iOS-Android/1.0,User-Agent,,2025-12-06
2025-12-06 07:19:13,,,,10.10.7.21,,uclh%5Ca.avakian%40uclh.ru,,,Outlook-iOS-Android/1.0,User-Agent,,2025-12-06
2025-12-06 07:23:23,A new process has been created.,Windows,Microsoft,10.50.101.5,user001,tmtp-003672$,C:\\Windows\\System32\\svchost.exe,4688,C:\\Users\\A.Avakian\\AppData\\Local\\Microsoft\\OneDrive\\25.209.1026.0002\\FileCoAuth.exe -Embedding,Command Line,Microsoft-Windows-Security-Auditing,2025-12-06
2025-12-06 07:24:03,An account was successfully logged on.,Windows,Microsoft,10.14.1.71,user001,-,Kerberos,4624,-,Restricted admin mode,Microsoft-Windows-Security-Auditing,2025-12-06
2025-12-06 07:24:03,Group membership information.,Windows,Microsoft,10.14.1.71,user001,-,,4627,,,Microsoft-Windows-Security-Auditing,2025-12-06
2025-12-06 07:24:03,An account was successfully logged on.,Windows,Microsoft,10.14.1.71,user001,-,Kerberos,4624,-,Restricted admin mode,Microsoft-Windows-Security-Auditing,2025-12-06
2025-12-06 07:24:03,Group membership information.,Windows,Microsoft,10.14.1.71,user001,-,,4627,,,Microsoft-Windows-Security-Auditing,2025-12-06
2025-12-06 07:24:06,,,,10.14.1.72,,user001,,,,,,2025-12-06
2025-12-06 07:24:06,,,,10.14.1.72,,user001,,,,,,2025-12-06
2025-12-06 07:24:13,,,,10.10.7.21,,uclh%5Ca.avakian%40uclh.ru,,,Outlook-iOS-Android/1.0,User-Agent,,2025-12-06
2025-12-06 07:24:13,,,,10.10.7.21,,uclh%5Ca.avakian%40uclh.ru,,,Outlook-iOS-Android/1.0,User-Agent,,2025-12-06
2025-12-06 07:25:02,An account was successfully logged on.,Windows,Microsoft,10.14.1.72,user001,-,Kerberos,4624,-,Restricted admin mode,Microsoft-Windows-Security-Auditing,2025-12-06
2025-12-06 07:25:02,An account was successfully logged on.,Windows,Microsoft,10.14.1.72,user001,-,Kerberos,4624,-,Restricted admin mode,Microsoft-Windows-Security-Auditing,2025-12-06
2025-12-06 07:25:02,Group membership information.,Windows,Microsoft,10.14.1.72,user001,-,,4627,,,Microsoft-Windows-Security-Auditing,2025-12-06
2025-12-06 07:25:02,Group membership information.,Windows,Microsoft,10.14.1.72,user001,-,,4627,,,Microsoft-Windows-Security-Auditing,2025-12-06
2025-12-06 07:26:02,An account was logged off.,Windows,Microsoft,10.14.1.71,user001,,,4634,,,Microsoft-Windows-Security-Auditing,2025-12-06
2025-12-06 07:26:06,A new process has been created.,Windows,Microsoft,10.50.101.5,user001,tmtp-003672$,C:\\Windows\\System32\\svchost.exe,4688,C:\\Windows\\system32\\BackgroundTaskHost.exe -ServerName:BackgroundTaskHost.WebAccountProvider,Command Line,Microsoft-Windows-Security-Auditing,2025-12-06
2025-12-06 07:26:06,A new process has been created.,Windows,Microsoft,10.50.101.5,-,user001,C:\\Program Files (x86)\\Citrix\\ICA Client\\SelfServicePlugin\\SelfServicePlugin.exe,4688,C:\\Program Files (x86)\\Citrix\\ICA Client\\SelfServicePlugin\\SelfService.exe -periodicpoll,Command Line,Microsoft-Windows-Security-Auditing,2025-12-06
2025-12-06 07:26:06,An account was logged off.,Windows,Microsoft,10.14.1.71,user001,,,4634,,,Microsoft-Windows-Security-Auditing,2025-12-06
2025-12-06 07:26:45,Group membership information.,Windows,Microsoft,10.14.1.72,user001,-,,4627,,,Microsoft-Windows-Security-Auditing,2025-12-06
2025-12-06 07:26:45,An account was successfully logged on.,Windows,Microsoft,10.14.1.72,user001,-,Kerberos,4624,-,Restricted admin mode,Microsoft-Windows-Security-Auditing,2025-12-06
2025-12-06 07:26:45,An account was logged off.,Windows,Microsoft,10.14.1.72,user001,,,4634,,,Microsoft-Windows-Security-Auditing,2025-12-06
2025-12-06 07:27:09,An account was logged off.,Windows,Microsoft,10.14.1.72,user001,,,4634,,,Microsoft-Windows-Security-Auditing,2025-12-06
2025-12-06 07:27:09,An account was logged off.,Windows,Microsoft,10.14.1.72,user001,,,4634,,,Microsoft-Windows-Security-Auditing,2025-12-06
2025-12-06 07:28:31,An account was successfully logged on.,Windows,Microsoft,10.14.1.72,user001,-,Kerberos,4624,-,Restricted admin mode,Microsoft-Windows-Security-Auditing,2025-12-06
2025-12-06 07:28:31,Group membership information.,Windows,Microsoft,10.14.1.72,user001,-,,4627,,,Microsoft-Windows-Security-Auditing,2025-12-06
2025-12-06 07:29:07,,,,10.14.1.72,,user001,,,,,,2025-12-06
2025-12-06 07:29:13,,,,10.10.7.21,,uclh%5Ca.avakian%40uclh.ru,,,Outlook-iOS-Android/1.0,User-Agent,,2025-12-06
2025-12-06 07:29:13,,,,10.10.7.21,,uclh%5Ca.avakian%40uclh.ru,,,Outlook-iOS-Android/1.0,User-Agent,,2025-12-06
2025-12-06 07:29:35,Group membership information.,Windows,Microsoft,10.14.1.71,user001,-,,4627,,,Microsoft-Windows-Security-Auditing,2025-12-06
2025-12-06 07:29:35,An account was successfully logged on.,Windows,Microsoft,10.14.1.71,user001,-,Kerberos,4624,-,Restricted admin mode,Microsoft-Windows-Security-Auditing,2025-12-06
2025-12-06 07:30:38,An account was logged off.,Windows,Microsoft,10.14.1.72,user001,,,4634,,,Microsoft-Windows-Security-Auditing,2025-12-06
2025-12-06 07:31:07,An account was logged off.,Windows,Microsoft,10.14.1.71,user001,,,4634,,,Microsoft-Windows-Security-Auditing,2025-12-06
2025-12-06 07:31:25,A new process has been created.,Windows,Microsoft,10.50.101.5,user001,tmtp-003672$,C:\\Windows\\System32\\svchost.exe,4688,C:\\Windows\\system32\\backgroundTaskHost.exe -ServerName:Global.DesktopSpotlight.AppXz2j21w56bgxkgsjhtn7zkjsepq96erz2.mca,Command Line,Microsoft-Windows-Security-Auditing,2025-12-06
2025-12-06 07:31:26,A new process has been created.,Windows,Microsoft,10.50.101.5,user001,tmtp-003672$,C:\\Windows\\System32\\svchost.exe,4688,C:\\Windows\\System32\\RuntimeBroker.exe -Embedding,Command Line,Microsoft-Windows-Security-Auditing,2025-12-06
2025-12-06 07:31:54,An account was logged off.,Windows,Microsoft,10.14.1.72,user001,,,4634,,,Microsoft-Windows-Security-Auditing,2025-12-06
2025-12-06 07:31:57,An account was successfully logged on.,Windows,Microsoft,10.14.1.72,user001,-,Kerberos,4624,-,Restricted admin mode,Microsoft-Windows-Security-Auditing,2025-12-06
2025-12-06 07:31:57,Group membership information.,Windows,Microsoft,10.14.1.72,user001,-,,4627,,,Microsoft-Windows-Security-Auditing,2025-12-06
2025-12-06 07:32:06,An account was successfully logged on.,Windows,Microsoft,10.14.1.71,user001,-,Kerberos,4624,-,Restricted admin mode,Microsoft-Windows-Security-Auditing,2025-12-06
2025-12-06 07:32:06,Group membership information.,Windows,Microsoft,10.14.1.71,user001,-,,4627,,,Microsoft-Windows-Security-Auditing,2025-12-06
2025-12-06 07:32:06,An account was successfully logged on.,Windows,Microsoft,10.14.1.71,user001,-,Kerberos,4624,-,Restricted admin mode,Microsoft-Windows-Security-Auditing,2025-12-06
2025-12-06 07:32:06,Group membership information.,Windows,Microsoft,10.14.1.71,user001,-,,4627,,,Microsoft-Windows-Security-Auditing,2025-12-06
2025-12-06 07:33:22,An account was logged off.,Windows,Microsoft,10.14.1.71,user001,,,4634,,,Microsoft-Windows-Security-Auditing,2025-12-06
2025-12-06 07:33:23,A new process has been created.,Windows,Microsoft,10.50.101.5,user001,tmtp-003672$,C:\\Windows\\System32\\svchost.exe,4688,C:\\Users\\A.Avakian\\AppData\\Local\\Microsoft\\OneDrive\\25.209.1026.0002\\FileCoAuth.exe -Embedding,Command Line,Microsoft-Windows-Security-Auditing,2025-12-06
2025-12-06 07:33:25,An account was successfully logged on.,Windows,Microsoft,10.14.1.72,user001,-,Kerberos,4624,-,Restricted admin mode,Microsoft-Windows-Security-Auditing,2025-12-06
2025-12-06 07:33:25,Group membership information.,Windows,Microsoft,10.14.1.72,user001,-,,4627,,,Microsoft-Windows-Security-Auditing,2025-12-06
2025-12-06 07:33:25,An account was successfully logged on.,Windows,Microsoft,10.14.1.72,user001,-,Kerberos,4624,-,Restricted admin mode,Microsoft-Windows-Security-Auditing,2025-12-06
2025-12-06 07:33:25,Group membership information.,Windows,Microsoft,10.14.1.72,user001,-,,4627,,,Microsoft-Windows-Security-Auditing,2025-12-06
2025-12-06 07:33:39,An account was logged off.,Windows,Microsoft,10.14.1.71,user001,,,4634,,,Microsoft-Windows-Security-Auditing,2025-12-06
2025-12-06 07:34:25,An account was successfully logged on.,Windows,Microsoft,10.14.1.71,user001,-,Kerberos,4624,-,Restricted admin mode,Microsoft-Windows-Security-Auditing,2025-12-06
2025-12-06 07:34:25,Group membership information.,Windows,Microsoft,10.14.1.71,user001,-,,4627,,,Microsoft-Windows-Security-Auditing,2025-12-06
2025-12-06 07:34:26,,,,10.10.7.21,,uclh%5Ca.avakian%40uclh.ru,,,Outlook-iOS-Android/1.0,User-Agent,,2025-12-06
2025-12-06 07:34:30,Group membership information.,Windows,Microsoft,10.14.1.71,user001,-,,4627,,,Microsoft-Windows-Security-Auditing,2025-12-06
2025-12-06 07:34:30,An account was successfully logged on.,Windows,Microsoft,10.14.1.71,user001,-,Kerberos,4624,-,Restricted admin mode,Microsoft-Windows-Security-Auditing,2025-12-06
2025-12-06 07:34:59,A new process has been created.,Windows,Microsoft,10.50.101.5,user001,tmtp-003672$,C:\\Windows\\System32\\SearchIndexer.exe,4688,"C:\\Windows\\system32\\SearchProtocolHost.exe Global\\UsGthrFltPipeMssGthrPipe_S-1-5-21-2466243303-2766591412-4162608119-10969390_ Global\\UsGthrCtrlFltPipeMssGthrPipe_S-1-5-21-2466243303-2766591412-4162608119-10969390 1 -2147483646 ""Software\\Microsoft\\Windows Search"" ""Mozilla/4.0 (compatible; MSIE 6.0; Windows NT; MS Search 4.0 Robot)"" ""C:\\ProgramData\\Microsoft\\Search\\Data\\Temp\\usgthrsvc"" ""DownLevelDaemon""  ""1""",Command Line,Microsoft-Windows-Security-Auditing,2025-12-06
2025-12-06 07:35:05,An account was logged off.,Windows,Microsoft,10.14.1.72,user001,,,4634,,,Microsoft-Windows-Security-Auditing,2025-12-06
2025-12-06 07:35:05,An account was logged off.,Windows,Microsoft,10.14.1.72,user001,,,4634,,,Microsoft-Windows-Security-Auditing,2025-12-06
2025-12-06 07:36:22,An account was logged off.,Windows,Microsoft,10.14.1.71,user001,,,4634,,,Microsoft-Windows-Security-Auditing,2025-12-06
2025-12-06 07:36:35,An account was logged off.,Windows,Microsoft,10.14.1.71,user001,,,4634,,,Microsoft-Windows-Security-Auditing,2025-12-06
2025-12-06 07:39:07,,,,10.14.1.72,,user001,,,,,,2025-12-06
2025-12-06 07:39:07,,,,10.14.1.72,,user001,,,,,,2025-12-06
2025-12-06 07:39:47,An account was successfully logged on.,Windows,Microsoft,10.14.1.72,user001,-,Kerberos,4624,-,Restricted admin mode,Microsoft-Windows-Security-Auditing,2025-12-06
2025-12-06 07:39:47,Group membership information.,Windows,Microsoft,10.14.1.72,user001,-,,4627,,,Microsoft-Windows-Security-Auditing,2025-12-06
2025-12-06 07:39:55,An account was logged off.,Windows,Microsoft,10.14.1.71,user001,,,4634,,,Microsoft-Windows-Security-Auditing,2025-12-06
2025-12-06 07:40:06,An account was successfully logged on.,Windows,Microsoft,10.14.1.71,user001,-,Kerberos,4624,-,Restricted admin mode,Microsoft-Windows-Security-Auditing,2025-12-06
2025-12-06 07:40:06,Group membership information.,Windows,Microsoft,10.14.1.71,user001,-,,4627,,,Microsoft-Windows-Security-Auditing,2025-12-06
2025-12-06 07:40:06,An account was successfully logged on.,Windows,Microsoft,10.14.1.71,user001,-,Kerberos,4624,-,Restricted admin mode,Microsoft-Windows-Security-Auditing,2025-12-06
2025-12-06 07:40:06,Group membership information.,Windows,Microsoft,10.14.1.71,user001,-,,4627,,,Microsoft-Windows-Security-Auditing,2025-12-06
2025-12-06 07:41:34,An account was successfully logged on.,Windows,Microsoft,10.14.1.72,user001,-,Kerberos,4624,-,Restricted admin mode,Microsoft-Windows-Security-Auditing,2025-12-06
2025-12-06 07:41:34,Group membership information.,Windows,Microsoft,10.14.1.72,user001,-,,4627,,,Microsoft-Windows-Security-Auditing,2025-12-06
2025-12-06 07:41:42,An account was successfully logged on.,Windows,Microsoft,10.14.1.72,user001,-,Kerberos,4624,-,Restricted admin mode,Microsoft-Windows-Security-Auditing,2025-12-06
2025-12-06 07:41:42,Group membership information.,Windows,Microsoft,10.14.1.72,user001,-,,4627,,,Microsoft-Windows-Security-Auditing,2025-12-06
2025-12-06 07:41:50,An account was successfully logged on.,Windows,Microsoft,10.14.1.72,user001,-,Kerberos,4624,-,Restricted admin mode,Microsoft-Windows-Security-Auditing,2025-12-06
2025-12-06 07:41:50,An account was successfully logged on.,Windows,Microsoft,10.14.1.72,user001,-,Kerberos,4624,-,Restricted admin mode,Microsoft-Windows-Security-Auditing,2025-12-06
2025-12-06 07:41:50,Group membership information.,Windows,Microsoft,10.14.1.72,user001,-,,4627,,,Microsoft-Windows-Security-Auditing,2025-12-06
2025-12-06 07:41:50,Group membership information.,Windows,Microsoft,10.14.1.72,user001,-,,4627,,,Microsoft-Windows-Security-Auditing,2025-12-06
2025-12-06 07:41:54,An account was logged off.,Windows,Microsoft,10.14.1.72,user001,,,4634,,,Microsoft-Windows-Security-Auditing,2025-12-06
2025-12-06 07:42:12,An account was logged off.,Windows,Microsoft,10.14.1.71,user001,,,4634,,,Microsoft-Windows-Security-Auditing,2025-12-06
2025-12-06 07:42:56,An account was logged off.,Windows,Microsoft,10.14.1.72,user001,,,4634,,,Microsoft-Windows-Security-Auditing,2025-12-06
2025-12-06 07:43:03,An account was successfully logged on.,Windows,Microsoft,10.14.1.71,user001,-,Kerberos,4624,-,Restricted admin mode,Microsoft-Windows-Security-Auditing,2025-12-06
2025-12-06 07:43:03,Group membership information.,Windows,Microsoft,10.14.1.71,user001,-,,4627,,,Microsoft-Windows-Security-Auditing,2025-12-06
2025-12-06 07:43:23,A new process has been created.,Windows,Microsoft,10.50.101.5,user001,tmtp-003672$,C:\\Windows\\System32\\svchost.exe,4688,C:\\Windows\\system32\\BackgroundTaskHost.exe -ServerName:BackgroundTaskHost.WebAccountProvider,Command Line,Microsoft-Windows-Security-Auditing,2025-12-06
2025-12-06 07:43:23,A new process has been created.,Windows,Microsoft,10.50.101.5,user001,tmtp-003672$,C:\\Windows\\System32\\svchost.exe,4688,C:\\Windows\\System32\\RuntimeBroker.exe -Embedding,Command Line,Microsoft-Windows-Security-Auditing,2025-12-06
2025-12-06 07:43:23,A new process has been created.,Windows,Microsoft,10.50.101.5,user001,tmtp-003672$,C:\\Windows\\System32\\svchost.exe,4688,C:\\Users\\A.Avakian\\AppData\\Local\\Microsoft\\OneDrive\\25.209.1026.0002\\FileCoAuth.exe -Embedding,Command Line,Microsoft-Windows-Security-Auditing,2025-12-06
2025-12-06 07:43:36,An account was logged off.,Windows,Microsoft,10.14.1.72,user001,,,4634,,,Microsoft-Windows-Security-Auditing,2025-12-06
2025-12-06 07:43:59,An account was logged off.,Windows,Microsoft,10.14.1.72,user001,,,4634,,,Microsoft-Windows-Security-Auditing,2025-12-06
2025-12-06 07:43:59,An account was logged off.,Windows,Microsoft,10.14.1.72,user001,,,4634,,,Microsoft-Windows-Security-Auditing,2025-12-06
2025-12-06 07:44:21,An account was logged off.,Windows,Microsoft,10.14.1.71,user001,,,4634,,,Microsoft-Windows-Security-Auditing,2025-12-06
2025-12-06 07:46:36,A new process has been created.,Windows,Microsoft,10.50.101.5,user001,tmtp-003672$,C:\\Windows\\System32\\svchost.exe,4688,C:\\Windows\\system32\\backgroundTaskHost.exe -ServerName:App.AppXass2jm06pp1n7aktd4dcj305y31qrc54.mca,Command Line,Microsoft-Windows-Security-Auditing,2025-12-06
2025-12-06 07:46:36,A new process has been created.,Windows,Microsoft,10.50.101.5,user001,tmtp-003672$,C:\\Windows\\System32\\svchost.exe,4688,C:\\Windows\\System32\\RuntimeBroker.exe -Embedding,Command Line,Microsoft-Windows-Security-Auditing,2025-12-06
2025-12-06 07:46:36,A new process has been created.,Windows,Microsoft,10.50.101.5,user001,tmtp-003672$,C:\\Windows\\System32\\svchost.exe,4688,C:\\Windows\\system32\\backgroundTaskHost.exe -ServerName:Global.DesktopSpotlight.AppXz2j21w56bgxkgsjhtn7zkjsepq96erz2.mca,Command Line,Microsoft-Windows-Security-Auditing,2025-12-06
2025-12-06 07:46:36,A new process has been created.,Windows,Microsoft,10.50.101.5,user001,tmtp-003672$,C:\\Windows\\System32\\svchost.exe,4688,C:\\Windows\\System32\\RuntimeBroker.exe -Embedding,Command Line,Microsoft-Windows-Security-Auditing,2025-12-06
2025-12-06 07:46:37,An account was successfully logged on.,Windows,Microsoft,10.50.11.50,user001,-,NtLmSsp,4624,-,Restricted admin mode,Microsoft-Windows-Security-Auditing,2025-12-06
2025-12-06 07:46:55,An account was logged off.,Windows,Microsoft,10.14.1.71,user001,,,4634,,,Microsoft-Windows-Security-Auditing,2025-12-06
2025-12-06 07:46:55,An account was successfully logged on.,Windows,Microsoft,10.14.1.71,user001,-,Kerberos,4624,-,Restricted admin mode,Microsoft-Windows-Security-Auditing,2025-12-06
2025-12-06 07:46:55,Group membership information.,Windows,Microsoft,10.14.1.71,user001,-,,4627,,,Microsoft-Windows-Security-Auditing,2025-12-06
2025-12-06 07:48:54,An account was successfully logged on.,Windows,Microsoft,10.14.1.71,user001,-,Kerberos,4624,-,Restricted admin mode,Microsoft-Windows-Security-Auditing,2025-12-06
2025-12-06 07:48:54,Group membership information.,Windows,Microsoft,10.14.1.71,user001,-,,4627,,,Microsoft-Windows-Security-Auditing,2025-12-06
2025-12-06 07:49:53,An account was successfully logged on.,Windows,Microsoft,10.14.1.72,user001,-,Kerberos,4624,-,Restricted admin mode,Microsoft-Windows-Security-Auditing,2025-12-06
2025-12-06 07:49:53,Group membership information.,Windows,Microsoft,10.14.1.72,user001,-,,4627,,,Microsoft-Windows-Security-Auditing,2025-12-06
2025-12-06 07:49:53,An account was successfully logged on.,Windows,Microsoft,10.14.1.72,user001,-,Kerberos,4624,-,Restricted admin mode,Microsoft-Windows-Security-Auditing,2025-12-06
2025-12-06 07:49:53,Group membership information.,Windows,Microsoft,10.14.1.72,user001,-,,4627,,,Microsoft-Windows-Security-Auditing,2025-12-06
2025-12-06 07:50:10,An account was logged off.,Windows,Microsoft,10.14.1.71,user001,,,4634,,,Microsoft-Windows-Security-Auditing,2025-12-06
2025-12-06 07:51:01,An account was successfully logged on.,Windows,Microsoft,10.14.1.72,user001,-,Kerberos,4624,-,Restricted admin mode,Microsoft-Windows-Security-Auditing,2025-12-06
2025-12-06 07:51:01,Group membership information.,Windows,Microsoft,10.14.1.72,user001,-,,4627,,,Microsoft-Windows-Security-Auditing,2025-12-06
2025-12-06 07:51:24,Group membership information.,Windows,Microsoft,10.14.1.72,user001,-,,4627,,,Microsoft-Windows-Security-Auditing,2025-12-06
2025-12-06 07:51:24,An account was successfully logged on.,Windows,Microsoft,10.14.1.72,user001,-,Kerberos,4624,-,Restricted admin mode,Microsoft-Windows-Security-Auditing,2025-12-06
2025-12-06 07:51:25,An account was successfully logged on.,Windows,Microsoft,10.14.1.71,user001,-,Kerberos,4624,-,Restricted admin mode,Microsoft-Windows-Security-Auditing,2025-12-06
2025-12-06 07:51:25,Group membership information.,Windows,Microsoft,10.14.1.71,user001,-,,4627,,,Microsoft-Windows-Security-Auditing,2025-12-06
2025-12-06 07:51:35,An account was logged off.,Windows,Microsoft,10.14.1.72,user001,,,4634,,,Microsoft-Windows-Security-Auditing,2025-12-06
2025-12-06 07:51:36,An account was logged off.,Windows,Microsoft,10.14.1.72,user001,,,4634,,,Microsoft-Windows-Security-Auditing,2025-12-06
2025-12-06 07:52:47,An account was logged off.,Windows,Microsoft,10.14.1.72,user001,,,4634,,,Microsoft-Windows-Security-Auditing,2025-12-06
2025-12-06 07:53:09,An account was logged off.,Windows,Microsoft,10.14.1.72,user001,,,4634,,,Microsoft-Windows-Security-Auditing,2025-12-06
2025-12-06 07:53:22,A new process has been created.,Windows,Microsoft,10.50.101.5,user001,tmtp-003672$,C:\\Windows\\System32\\svchost.exe,4688,C:\\Users\\A.Avakian\\AppData\\Local\\Microsoft\\OneDrive\\25.209.1026.0002\\FileCoAuth.exe -Embedding,Command Line,Microsoft-Windows-Security-Auditing,2025-12-06
2025-12-06 07:53:31,An account was logged off.,Windows,Microsoft,10.14.1.71,user001,,,4634,,,Microsoft-Windows-Security-Auditing,2025-12-06
2025-12-06 07:54:35,A new process has been created.,Windows,Microsoft,10.50.101.5,user001,tmtp-003672$,C:\\Windows\\System32\\svchost.exe,4688,C:\\Windows\\system32\\BackgroundTaskHost.exe -ServerName:BackgroundTaskHost.WebAccountProvider,Command Line,Microsoft-Windows-Security-Auditing,2025-12-06
2025-12-06 07:54:35,A new process has been created.,Windows,Microsoft,10.50.101.5,user001,tmtp-003672$,C:\\Windows\\System32\\svchost.exe,4688,C:\\Windows\\System32\\RuntimeBroker.exe -Embedding,Command Line,Microsoft-Windows-Security-Auditing,2025-12-06
2025-12-06 07:54:35,A new process has been created.,Windows,Microsoft,10.50.101.5,user001,tmtp-003672$,C:\\Windows\\System32\\svchost.exe,4688,C:\\Windows\\system32\\BackgroundTaskHost.exe -ServerName:BackgroundTaskHost.WebAccountProvider,Command Line,Microsoft-Windows-Security-Auditing,2025-12-06
2025-12-06 07:57:00,Group membership information.,Windows,Microsoft,10.14.1.71,user001,-,,4627,,,Microsoft-Windows-Security-Auditing,2025-12-06
2025-12-06 07:57:00,An account was successfully logged on.,Windows,Microsoft,10.14.1.71,user001,-,Kerberos,4624,-,Restricted admin mode,Microsoft-Windows-Security-Auditing,2025-12-06
2025-12-06 07:57:00,An account was successfully logged on.,Windows,Microsoft,10.14.1.72,user001,-,Kerberos,4624,-,Restricted admin mode,Microsoft-Windows-Security-Auditing,2025-12-06
2025-12-06 07:57:00,Group membership information.,Windows,Microsoft,10.14.1.72,user001,-,,4627,,,Microsoft-Windows-Security-Auditing,2025-12-06
2025-12-06 07:57:00,An account was logged off.,Windows,Microsoft,10.14.1.72,user001,,,4634,,,Microsoft-Windows-Security-Auditing,2025-12-06
2025-12-06 07:57:51,Group membership information.,Windows,Microsoft,10.14.1.71,user001,-,,4627,,,Microsoft-Windows-Security-Auditing,2025-12-06
2025-12-06 07:57:51,An account was successfully logged on.,Windows,Microsoft,10.14.1.71,user001,-,Kerberos,4624,-,Restricted admin mode,Microsoft-Windows-Security-Auditing,2025-12-06
2025-12-06 07:58:00,An account was successfully logged on.,Windows,Microsoft,10.14.1.71,user001,-,Kerberos,4624,-,Restricted admin mode,Microsoft-Windows-Security-Auditing,2025-12-06
2025-12-06 07:58:00,Group membership information.,Windows,Microsoft,10.14.1.71,user001,-,,4627,,,Microsoft-Windows-Security-Auditing,2025-12-06
2025-12-06 07:58:02,An account was successfully logged on.,Windows,Microsoft,10.14.1.72,user001,-,Kerberos,4624,-,Restricted admin mode,Microsoft-Windows-Security-Auditing,2025-12-06
2025-12-06 07:58:02,An account was successfully logged on.,Windows,Microsoft,10.14.1.72,user001,-,Kerberos,4624,-,Restricted admin mode,Microsoft-Windows-Security-Auditing,2025-12-06
2025-12-06 07:58:02,Group membership information.,Windows,Microsoft,10.14.1.72,user001,-,,4627,,,Microsoft-Windows-Security-Auditing,2025-12-06
2025-12-06 07:58:02,Group membership information.,Windows,Microsoft,10.14.1.72,user001,-,,4627,,,Microsoft-Windows-Security-Auditing,2025-12-06
2025-12-06 07:58:30,A new process has been created.,Windows,Microsoft,10.50.101.5,user001,tmtp-003672$,C:\\Windows\\System32\\SearchIndexer.exe,4688,"C:\\Windows\\system32\\SearchProtocolHost.exe Global\\UsGthrFltPipeMssGthrPipe_S-1-5-21-2466243303-2766591412-4162608119-10969391_ Global\\UsGthrCtrlFltPipeMssGthrPipe_S-1-5-21-2466243303-2766591412-4162608119-10969391 1 -2147483646 ""Software\\Microsoft\\Windows Search"" ""Mozilla/4.0 (compatible; MSIE 6.0; Windows NT; MS Search 4.0 Robot)"" ""C:\\ProgramData\\Microsoft\\Search\\Data\\Temp\\usgthrsvc"" ""DownLevelDaemon""  ""1""",Command Line,Microsoft-Windows-Security-Auditing,2025-12-06
2025-12-06 07:58:59,Group membership information.,Windows,Microsoft,10.14.1.72,user001,-,,4627,,,Microsoft-Windows-Security-Auditing,2025-12-06
2025-12-06 07:59:00,An account was successfully logged on.,Windows,Microsoft,10.14.1.72,user001,-,Kerberos,4624,-,Restricted admin mode,Microsoft-Windows-Security-Auditing,2025-12-06
2025-12-06 07:59:07,An account was logged off.,Windows,Microsoft,10.14.1.71,user001,,,4634,,,Microsoft-Windows-Security-Auditing,2025-12-06
2025-12-06 07:59:24,An account was successfully logged on.,Windows,Microsoft,10.10.5.71,user001,-,Kerberos,4624,-,Restricted admin mode,Microsoft-Windows-Security-Auditing,2025-12-06
2025-12-06 07:59:24,An account was successfully logged on.,Windows,Microsoft,10.10.5.71,user001,-,Kerberos,4624,-,Restricted admin mode,Microsoft-Windows-Security-Auditing,2025-12-06
2025-12-06 07:59:34,Group membership information.,Windows,Microsoft,10.14.1.71,user001,-,,4627,,,Microsoft-Windows-Security-Auditing,2025-12-06
2025-12-06 07:59:34,An account was successfully logged on.,Windows,Microsoft,10.14.1.71,user001,-,Kerberos,4624,-,Restricted admin mode,Microsoft-Windows-Security-Auditing,2025-12-06
2025-12-06 07:59:46,A new process has been created.,Windows,Microsoft,10.50.101.5,user001,tmtp-003672$,C:\\Windows\\System32\\svchost.exe,4688,C:\\Program Files\\Microsoft Office\\Office16\\msoia.exe scan upload,Command Line,Microsoft-Windows-Security-Auditing,2025-12-06
2025-12-06 08:00:04,An account was logged off.,Windows,Microsoft,10.14.1.72,user001,,,4634,,,Microsoft-Windows-Security-Auditing,2025-12-06
2025-12-06 08:00:04,An account was logged off.,Windows,Microsoft,10.14.1.72,user001,,,4634,,,Microsoft-Windows-Security-Auditing,2025-12-06
2025-12-06 08:00:16,An account was logged off.,Windows,Microsoft,10.14.1.71,user001,,,4634,,,Microsoft-Windows-Security-Auditing,2025-12-06
2025-12-06 08:00:30,An account was logged off.,Windows,Microsoft,10.14.1.72,user001,,,4634,,,Microsoft-Windows-Security-Auditing,2025-12-06
2025-12-06 08:00:32,An account was logged off.,Windows,Microsoft,10.14.1.71,user001,,,4634,,,Microsoft-Windows-Security-Auditing,2025-12-06
2025-12-06 08:01:00,Group membership information.,Windows,Microsoft,10.14.1.71,user001,-,,4627,,,Microsoft-Windows-Security-Auditing,2025-12-06
2025-12-06 08:01:00,An account was successfully logged on.,Windows,Microsoft,10.14.1.71,user001,-,Kerberos,4624,-,Restricted admin mode,Microsoft-Windows-Security-Auditing,2025-12-06
2025-12-06 08:01:36,An account was logged off.,Windows,Microsoft,10.14.1.71,user001,,,4634,,,Microsoft-Windows-Security-Auditing,2025-12-06
2025-12-06 08:01:37,A new process has been created.,Windows,Microsoft,10.50.101.5,user001,tmtp-003672$,C:\\Windows\\System32\\svchost.exe,4688,C:\\Windows\\System32\\RuntimeBroker.exe -Embedding,Command Line,Microsoft-Windows-Security-Auditing,2025-12-06
2025-12-06 08:01:37,A new process has been created.,Windows,Microsoft,10.50.101.5,user001,tmtp-003672$,C:\\Windows\\System32\\svchost.exe,4688,C:\\Windows\\system32\\backgroundTaskHost.exe -ServerName:Global.DesktopSpotlight.AppXz2j21w56bgxkgsjhtn7zkjsepq96erz2.mca,Command Line,Microsoft-Windows-Security-Auditing,2025-12-06
2025-12-06 08:01:38,Group membership information.,Windows,Microsoft,10.14.1.72,user001,-,,4627,,,Microsoft-Windows-Security-Auditing,2025-12-06
2025-12-06 08:01:38,An account was successfully logged on.,Windows,Microsoft,10.14.1.72,user001,-,Kerberos,4624,-,Restricted admin mode,Microsoft-Windows-Security-Auditing,2025-12-06
2025-12-06 08:01:38,An account was successfully logged on.,Windows,Microsoft,10.14.1.72,user001,-,Kerberos,4624,-,Restricted admin mode,Microsoft-Windows-Security-Auditing,2025-12-06
2025-12-06 08:01:38,Group membership information.,Windows,Microsoft,10.14.1.72,user001,-,,4627,,,Microsoft-Windows-Security-Auditing,2025-12-06
2025-12-06 08:02:58,An account was logged off.,Windows,Microsoft,10.14.1.71,user001,,,4634,,,Microsoft-Windows-Security-Auditing,2025-12-06
